trial,search_auc,widths,drops,lr,wd,epochs,batch
6,0.965004581258371,"[1024, 614, 368, 221, 132]","[0.4372, 0.3676, 0.3091, 0.2599, 0.2186]",0.0006352112013887615,5.6259895410235374e-06,27,4096
0,0.9649725947092567,"[512, 256, 128]","[0.3, 0.2, 0.1]",0.003,1e-05,18,8192
4,0.9649030385093991,"[1024, 768, 576, 432]","[0.3666, 0.291, 0.2309, 0.1833]",0.0021913188333396562,3.8362988801827814e-05,25,16384
12,0.9648463342965784,"[384, 230, 138, 82]","[0.45, 0.3572, 0.2835, 0.225]",0.0009528303073707094,1.571935251958377e-05,27,4096
9,0.9647998790430405,"[512, 307, 184, 110]","[0.4419, 0.3507, 0.2784, 0.2209]",0.001182092310907069,0.0001752709028504276,28,8192
1,0.9647776650360543,"[384, 288, 216, 162, 121]","[0.1449, 0.1219, 0.1025, 0.0862, 0.0725]",0.0026183660993013653,2.2100952387876217e-05,16,8192
13,0.9646377065730336,"[512, 512, 512, 512]","[0.3334, 0.2646, 0.21, 0.1667]",0.0007206165846787967,7.887827495819749e-05,14,4096
8,0.964341054084908,"[256, 128, 64, 32, 32]","[0.4046, 0.3402, 0.2861, 0.2406, 0.2023]",0.0014075433161016978,9.011060135649721e-05,26,8192
11,0.964236995698311,"[1536, 1536]","[0.1652, 0.0826]",0.0007372163920392657,5.427355204563857e-06,15,8192
2,0.9638570850838105,"[512, 512, 512]","[0.2808, 0.1986, 0.1404]",0.0005972411175612048,3.243773487888094e-05,12,8192
3,0.9636191048483059,"[256, 153, 92, 55]","[0.3164, 0.2511, 0.1993, 0.1582]",0.001049157639029231,1.067791686700183e-05,18,8192
7,0.9634009459626265,"[1024, 768, 576, 432]","[0.189, 0.15, 0.1191, 0.0945]",0.0033367156223822513,8.701036658049222e-05,20,8192
10,0.9630684000932888,"[384, 384, 384]","[0.2042, 0.1444, 0.1021]",0.0007735077485607589,2.8970840430243077e-06,12,16384
14,0.9620890471078718,"[1536, 768, 384, 192, 96]","[0.1171, 0.0985, 0.0828, 0.0696, 0.0586]",0.0013024159789869838,0.00018977086634065622,20,16384
5,0.9593457384636311,"[512, 512, 512, 512]","[0.0601, 0.0477, 0.0379, 0.0301]",0.00461979876303832,9.473669046470498e-06,20,8192
