trial,search_auc,best_rounds,seconds,learning_rate,num_leaves,min_data_in_leaf,bagging_fraction,bagging_freq,feature_fraction,lambda_l1,lambda_l2,max_depth,min_gain_to_split
10,0.9673538529223955,2900,311.0347502231598,0.03,69,54,0.8090078868323363,1,0.5144460177013722,9.99951877167304,0.1560684443687272,6,0.0
44,0.9672895954051961,2652,321.7338571548462,0.03,154,23,0.8931876100816052,1,0.6959996185429755,3.076195819605361,0.045580607545234575,6,0.0
41,0.9672560747799819,3389,270.2621285915375,0.03,18,26,0.7792354156230293,1,0.4425331101184729,5.187524769617708,0.0134337669984568,8,0.1
47,0.9672443924556354,1661,215.75978541374207,0.03,131,111,0.9874394072917552,1,0.5182573781604021,0.0034243343194883865,10.981034167516395,8,0.1
6,0.9672428477314953,2923,280.06275749206543,0.03,35,282,0.7897182578810754,1,0.5759519329700709,1.1959985386422367,8.534872487871334,6,0.1
50,0.9672192569984471,2047,318.66018557548523,0.03,93,408,0.9175345023429745,1,0.8147884978059137,0.003650348488111578,26.386914399720812,8,0.1
14,0.9672065494984906,1412,218.62282586097717,0.03,214,329,0.987971151156538,1,0.4257941562904783,0.0789845657863208,45.13869853492642,12,0.0
40,0.9672050031037762,2424,210.39370489120483,0.03,88,76,0.6823173265289278,1,0.39694919254125044,0.07715396166468981,1.0860514548576905,6,0.01
32,0.9671919113717875,1836,201.11737275123596,0.03,72,23,0.7741233313860805,1,0.42086463603407265,6.28009585413361,2.5486114762068763,10,0.0
45,0.9671842245037159,2186,258.2785861492157,0.03,171,199,0.7540425271793815,1,0.7498883815451469,1.9503093667036329,0.12408431215158214,6,0.0
28,0.9671776591476908,2545,357.0823664665222,0.03,115,26,0.8314493285621871,1,0.9375946595517138,0.46607293496555297,1.134573872025174,6,0.0
0,0.9671773578875036,2759,266.68746972084045,0.03,31,160,0.85,1,0.6,0.15,2.5,-1,0.0
35,0.9671760604083229,2009,326.08458185195923,0.03,157,542,0.8720916179884843,1,0.8378017357800045,0.16990610443153217,15.895395559525637,8,0.0
42,0.9671656532888361,2502,339.8196406364441,0.03,41,126,0.854464348543335,1,0.9502218064331004,2.5958040627363244,4.801175234674999,10,0.0
39,0.9671564578923952,1813,286.2066550254822,0.03,175,378,0.7535067270723433,1,0.8181816906813328,0.6882147392992253,17.63776448195545,8,0.01
38,0.9671531000385506,2510,344.39920115470886,0.03,166,73,0.9178371289679448,1,0.8822807004896724,0.32540354043617,0.8648652621416587,6,0.01
27,0.9671458007436586,1669,156.23131775856018,0.03,69,48,0.6154490615939672,1,0.3937054924541091,0.001037801191871595,2.7472838392964616,8,0.01
12,0.9671352750134143,2552,271.41801857948303,0.03,203,36,0.6671209618712701,1,0.6288227627350462,4.417405467559581,9.377945209912,6,0.01
48,0.9671335331615359,2200,313.1200997829437,0.03,49,106,0.7854056624377574,1,0.875666413311077,0.021383016547930896,23.142963545844225,12,0.0
7,0.967122803064399,2979,318.7869954109192,0.03,26,407,0.7828205896065465,1,0.8582417308747986,0.05360989246179994,0.296729396621781,-1,0.0
49,0.9671218285628687,1379,191.66122007369995,0.03,168,414,0.751429314105459,1,0.6440873106735039,1.502587353113736,2.383685370543516,8,0.1
31,0.9671185174850974,1425,194.87728357315063,0.03,131,234,0.8977555195055396,1,0.36437756921022263,6.305028755345453,36.83975391231821,-1,0.1
11,0.9671044128283752,1995,234.6088466644287,0.03,220,65,0.6556577440228849,1,0.8105291539468642,0.0072279339735454255,7.3586270976782115,6,0.0
2,0.9671020896167266,2218,240.36243438720703,0.03,240,142,0.658716566482293,1,0.7428731351722697,0.099366042315331,0.024793064866647993,6,0.0
5,0.9671013005489161,2199,259.97660064697266,0.03,168,343,0.7891126652901437,1,0.979131043332865,0.004746722317329927,0.1360648652003778,6,0.1
46,0.9670937606913607,2037,244.95472955703735,0.03,61,288,0.7063228027268115,1,0.695026240816359,0.003946382177191876,6.152014553661556,12,0.1
9,0.9670890663782743,2404,340.2484345436096,0.03,169,37,0.9331937234849121,1,0.8979174644293914,0.004830903381862653,0.12254790497427542,6,0.0
1,0.9670784348450064,2084,244.6521921157837,0.03,209,43,0.6949496960379888,1,0.7930997834290472,0.14159815100650897,0.44476666285462235,6,0.0
26,0.9670632086762374,2040,241.1570634841919,0.03,59,230,0.6374393424074664,1,0.8261801750130562,3.680176879875793,0.13900546557419233,6,0.0
17,0.9670527397455106,1164,232.98310232162476,0.03,135,51,0.8858267200733017,1,0.7184667606700742,8.72908797684065,0.6766172126301763,-1,0.0
30,0.9670504544002072,1904,270.2328917980194,0.03,197,61,0.7871983172123947,1,0.9815263612427476,0.014391458570320566,0.29083486535122643,6,0.0
43,0.967027151005896,1697,203.4814658164978,0.03,131,153,0.8592074306529283,1,0.4662872922879905,0.0055945586680653725,0.20819096970178072,-1,0.0
3,0.9670265507129533,1215,224.47918272018433,0.03,161,65,0.764557845653161,1,0.7415377673402737,0.3502298641386898,9.780382473466158,10,0.1
19,0.9670245944707382,1311,232.10950303077698,0.03,206,33,0.6983920635599137,1,0.8555832957001264,0.9479968565911371,13.567742993436289,8,0.0
36,0.9670020801442376,1021,191.63685655593872,0.03,124,182,0.6815063025080929,1,0.6015703912185071,4.405688600656035,0.35204432208443714,-1,0.0
51,0.966993667133311,1281,192.12095832824707,0.03,249,35,0.6931969232934306,1,0.6315820846122778,4.854591748559798,0.04222654963447096,8,0.01
25,0.9669760821139803,1433,244.45198464393616,0.03,154,49,0.9964885913953682,1,0.709371042685248,1.518790374843842,0.6022489241840484,8,0.0
24,0.9669636847839393,1060,203.55439805984497,0.03,184,351,0.7584215253393581,1,0.7454106030438491,0.030375932689886316,1.3868465014048619,10,0.0
15,0.9669636151766873,1726,248.84413528442383,0.03,232,410,0.6046435033304798,1,0.7632668636379187,0.5220141869848153,58.73602760409242,8,0.01
37,0.9669551787777241,1542,253.56971287727356,0.03,81,216,0.8767977891786314,1,0.8892332222276859,0.010859404003454639,0.5751458536624096,-1,0.01
33,0.9669526216857082,1361,200.77010464668274,0.03,77,336,0.6007313004018855,1,0.8288690236640603,0.027978501257133248,0.7044946295107335,10,0.01
16,0.9669124031722611,1110,175.06358885765076,0.03,115,130,0.655219691354376,1,0.7378029320078032,0.0036834063658835897,0.031730949966956905,10,0.1
20,0.9669092368775744,1077,203.9156277179718,0.03,148,184,0.7099165486800422,1,0.7047235051764933,4.6245794528745545,9.923464586824785,12,0.1
22,0.966908236203717,1393,230.87186980247498,0.03,112,25,0.841617620229409,1,0.8352539390409301,0.27603663601297596,0.6235471157414688,10,0.1
29,0.9669014681513739,986,244.2067518234253,0.03,251,30,0.8278380334956565,1,0.8579117092642511,5.165205725381907,1.5054467325512908,10,0.0
4,0.966828124381905,925,165.94756031036377,0.03,164,172,0.9755816824490052,1,0.6195618886812142,0.0679274691507893,0.01245852932798317,-1,0.1
13,0.9668090971003092,1005,219.6486999988556,0.03,182,67,0.730391635885221,1,0.9087684851809555,0.004138992831435302,0.23247538034395032,10,0.0
34,0.966788103553054,876,143.00818538665771,0.03,147,37,0.64703239067124,1,0.6117063965346619,0.0334385995037338,1.426635037303425,-1,0.1
23,0.9667819964911775,1033,126.60955047607422,0.03,175,93,0.6455275405728896,1,0.35918833919032894,0.14277974044433897,0.043208609929578486,12,0.1
8,0.966758975423881,838,267.51388931274414,0.03,234,560,0.7575504641366744,1,0.9333645541861232,0.04420492867438869,14.256423089951099,-1,0.0
18,0.9667585789409726,931,151.88855624198914,0.03,220,25,0.6268496971886691,1,0.5369725226327169,0.013101850417212454,0.4557986884820209,10,0.1
21,0.9666981837909818,840,208.31103253364563,0.03,187,173,0.9972665906482141,1,0.8838466856576247,0.002413976623550059,0.1460651081041795,-1,0.01
