trial,search_auc,best_rounds,seconds,eta,max_depth,min_child_weight,subsample,colsample_bytree,reg_lambda,reg_alpha,gamma
26,0.9673420093876528,2664,290.51639890670776,0.03,6,8.153267746230753,0.8433296018731379,0.5909110635389992,3.759039834179792,0.008146977021914407,0.2
19,0.9673325241466139,1553,220.96450328826904,0.03,8,13.024010633647368,0.9414000464130952,0.39499029057390594,0.15363186389577985,0.011588009712703363,0.2
15,0.9673075866524505,2515,294.6858148574829,0.03,7,78.75736970325518,0.987971151156538,0.4257941562904783,2.079288890609798,3.7840616340577076,0.2
42,0.9673049154045412,2337,279.555184841156,0.03,7,20.559465554414647,0.9457538873795528,0.5994484314925579,10.02410161714295,0.4208854970279757,0.05
44,0.9672902786699835,1973,271.9002721309662,0.03,8,42.88543775975817,0.7629589533443485,0.4032193477895898,1.7573478527163184,0.003361865278258423,0.05
21,0.9672706346681333,4216,379.5553195476532,0.03,5,51.57396135355244,0.9316444896759817,0.7083259771638644,6.53951808382318,0.01038592163462226,0.2
7,0.9672649079402826,1889,285.97233963012695,0.03,10,60.98238681425396,0.9662359656206182,0.4335542126156936,29.03916242660043,0.04904781813813045,0.2
40,0.9672428906095625,2798,300.21130323410034,0.03,6,40.99430976440571,0.8767977891786314,0.8892332222276859,0.5240906682962324,0.05283201164013207,0.0
0,0.9672339154504674,1819,231.20154666900635,0.03,7,20.0,0.85,0.6,2.5,0.15,0.0
29,0.9672326215908641,1997,251.0758285522461,0.03,7,20.162064514193087,0.7040032304299308,0.3751047250901967,0.15374490086444423,0.0010349073071309939,0.0
36,0.9672249358365084,2567,278.2720510959625,0.03,6,49.56994559200393,0.7446824446639368,0.6679122318799484,3.36487921401925,0.004874243909052456,0.0
12,0.967216881999003,1518,235.57394528388977,0.03,8,2.0901398536256752,0.8834025562749933,0.489589803708927,12.82371429780571,0.7649866527318947,0.0
20,0.9672094668776435,1449,211.36144089698792,0.03,8,10.238880149903334,0.9421288881115095,0.6919272726785703,0.2677037461550817,0.008125932855457874,0.0
39,0.9672067908964412,3600,350.6424560546875,0.03,5,2.943547966690129,0.7548125484421582,0.9421522420849248,1.3716534443243729,0.00565655708604142,0.05
34,0.967180322321159,4676,403.89666056632996,0.03,5,153.39050648959252,0.9775726787123543,0.5032575798982821,0.134509517078116,0.04075608409025243,0.0
24,0.967174108342543,1981,278.08505940437317,0.03,8,52.21813266870359,0.8440966726131788,0.6587925684399574,54.18908370566002,1.6415262078044628,0.05
3,0.9671674911987227,1878,239.19442510604858,0.03,7,34.088738794316534,0.7402802490409983,0.6174064991863867,4.714800154495341,0.2253572421768577,0.0
32,0.9671571701137995,1309,254.42258167266846,0.03,10,21.197104752899886,0.9020463033906913,0.5647918970805894,1.9960117685964034,3.925017901276652,0.2
38,0.9671341173055961,1603,270.71521401405334,0.03,10,36.74746935507259,0.9001856835569259,0.7124089596719402,22.592263815219706,0.04781193457960249,0.2
37,0.9671309679950788,1789,284.64652585983276,0.03,8,8.442143319259626,0.7524248079755698,0.7206318998336244,57.958129241214394,0.049578773285100186,0.0
11,0.9671307338362825,1925,237.79457306861877,0.03,7,3.8207312576217736,0.9999979100016418,0.5553000964174069,2.1357507690650697,0.014263696275452258,0.05
10,0.9671234144945021,3315,313.6476857662201,0.03,5,87.02681888406079,0.6684028351677472,0.537234121230685,0.4164051713000829,0.012214844841109455,0.2
18,0.9671116299867093,2570,281.96924567222595,0.03,6,68.27886276417365,0.6370456926987643,0.5303673399463454,9.664394497737401,0.12498051228767557,0.0
22,0.9671101598815435,4357,392.0710916519165,0.03,5,128.33948527663992,0.9172623990520414,0.8962486212672672,0.33755037339722094,0.22263126114773465,0.05
2,0.9671099443774906,1750,227.21840858459473,0.03,7,21.27423667794732,0.658716566482293,0.7428731351722697,2.4386939819105122,0.0024325735162957747,0.2
35,0.967085760590654,1805,283.690815448761,0.03,11,153.04127630535234,0.854759905033067,0.5362629657933962,13.087150887018172,1.1707296534495069,0.0
31,0.9670815835986656,1511,278.02442240715027,0.03,10,10.30931199382233,0.9185008733515447,0.4311312136850066,3.8231496157570066,0.776935361365702,0.05
45,0.9670746832925434,1763,264.08095240592957,0.03,7,1.1969529457531574,0.6417616472430474,0.7019880337631403,5.852630688388815,2.604330452252891,0.2
16,0.9670685951638394,1381,279.3810875415802,0.03,11,12.085414739839614,0.9553993749813575,0.35754569291202964,5.83895542642567,0.3259540135228206,0.0
4,0.9670603650807715,1526,225.2637002468109,0.03,8,26.32215534920144,0.8534259896057723,0.9603202339796335,1.4194783280468628,0.04945045325710862,0.2
28,0.9670574012039741,3270,327.6253592967987,0.03,5,45.089696957090894,0.6374393424074664,0.8261801750130562,29.96612879370607,0.013154568055446268,0.0
23,0.9670512913578073,1721,240.26921725273132,0.03,8,77.5964588968361,0.6382733060163827,0.5503506913138388,1.298577116980029,0.0018742681643668583,0.2
27,0.9670482729089241,1682,287.700510263443,0.03,9,4.059867560846093,0.9964885913953682,0.709371042685248,16.20580272626871,0.05526829596647102,0.05
46,0.9670481698901909,1234,229.93968868255615,0.03,11,42.95731210268685,0.7669174473431718,0.3552023084051889,4.6213478042502265,0.2494602063300677,0.2
5,0.9670013111233158,1686,263.9166944026947,0.03,9,110.01232062979543,0.75624291343941,0.8933718765076047,2.0580644401227985,3.803737611475639,0.0
41,0.9669781845314249,1355,247.30876755714417,0.03,9,7.632107012317814,0.9178371289679448,0.8822807004896724,5.558687640100317,0.07876885414223474,0.05
17,0.9669551662484187,961,211.74618339538574,0.03,11,8.921129197062633,0.8208603065184241,0.439731998450861,4.544648599326012,0.0033391436521977057,0.2
8,0.9669451247062202,1257,315.50462675094604,0.03,11,9.880094919322273,0.7558815913816884,0.9425425694892614,52.70847484512194,0.028637565962082973,0.2
30,0.966913683945701,1258,270.7162342071533,0.03,10,8.9712095588661,0.6338217281286082,0.7261051589135541,32.46578474410296,0.2935166342528039,0.05
33,0.9668642775533962,1089,243.60053753852844,0.03,11,7.787774012920568,0.7428765125905709,0.3531571617379942,10.231673539152087,0.5668548126530909,0.0
14,0.9668205987242293,1093,214.87310242652893,0.03,9,6.714326817092653,0.730391635885221,0.9087684851809555,0.2681987056855582,0.021764108871809205,0.2
9,0.966813061929393,988,221.50948095321655,0.03,11,8.84238369235063,0.9339210493687442,0.600533702274495,0.46540609484706674,0.004825164145560528,0.2
43,0.9667745017391216,917,223.20378017425537,0.03,11,4.904120059925199,0.7573434086055525,0.4837656556095077,0.15873202279917856,0.05563144887133924,0.2
1,0.9667361681900632,1047,245.76721715927124,0.03,10,3.33462883244308,0.6949496960379888,0.7930997834290472,3.1188237161298473,0.041076290508527825,0.0
13,0.9667324464295043,858,272.426815032959,0.03,11,2.4328669940888745,0.7715832386061823,0.9423396804617383,15.326785217515287,0.3427527495036935,0.0
6,0.9666725343538435,779,187.9580318927765,0.03,10,4.903340891839197,0.6320110099271089,0.8561056308300139,2.078093281991339,0.01931211686021174,0.0
25,0.9665979323636844,897,190.60872387886047,0.03,9,1.8276818170445452,0.605654362578664,0.7001333205711888,0.2933240884147197,0.40238566537380394,0.0
