min_distance_um,rel_threshold,max_link_um,min_track_len,gap_um_per_frame,score,adj,edge_j,recall,peaks_per_frame
3.5,0.02,7.0,4,6.0,0.7328695267813967,0.7328695267813967,0.7387387387387387,0.9117647058823529,319.225
3.5,0.02,6.0,4,6.0,0.7171832254304557,0.7171832254304557,0.7232142857142857,0.9117647058823529,319.225
3.5,0.04,7.0,4,5.0,0.7138873999431834,0.7138873999431834,0.7117117117117117,0.8725490196078431,288.185
3.5,0.02,7.0,4,5.0,0.7128064329918332,0.7128064329918332,0.7168141592920354,0.9019607843137255,319.225
3.5,0.04,7.0,4,6.0,0.7127037790109253,0.7127037790109253,0.7117117117117117,0.8725490196078431,288.185
3.5,0.02,6.0,4,5.0,0.7103013585528678,0.7103013585528678,0.7142857142857143,0.9019607843137255,319.225
3.5,0.04,6.0,4,5.0,0.707612938890488,0.707612938890488,0.7053571428571429,0.8823529411764706,288.185
3.5,0.04,6.0,4,6.0,0.7062365755922285,0.7062365755922285,0.7053571428571429,0.8823529411764706,288.185
3.5,0.01,7.0,4,5.0,0.7056290284178125,0.7056290284178125,0.7192982456140351,0.9117647058823529,352.515
3.5,0.01,6.0,4,5.0,0.7032584710665813,0.7032584710665813,0.7168141592920354,0.9117647058823529,352.515
3.5,0.02,7.0,6,6.0,0.6978118163214939,0.6978118163214939,0.7,0.8437028657616893,319.225
3.5,0.01,7.0,4,6.0,0.6972874305488554,0.6972874305488554,0.7130434782608696,0.9215686274509804,352.515
3.5,0.04,6.0,6,5.0,0.6933589376344598,0.6933589376344598,0.6875,0.8535067873303167,288.185
3.5,0.04,6.0,6,6.0,0.6916001238719439,0.6916001238719439,0.6875,0.8535067873303167,288.185
3.5,0.02,5.0,4,5.0,0.6863196923499271,0.6863196923499271,0.6902654867256637,0.8829185520361991,319.225
3.5,0.01,7.0,6,6.0,0.6846019971057561,0.6846019971057561,0.6956521739130435,0.8927224736048265,352.515
3.5,0.02,7.0,6,5.0,0.6845120013225262,0.6845120013225262,0.6846846846846847,0.8338989441930618,319.225
3.5,0.02,6.0,6,6.0,0.6827292641129289,0.6827292641129289,0.6846846846846847,0.8437028657616893,319.225
3.5,0.01,6.0,4,6.0,0.6825405765374571,0.6825405765374571,0.6982758620689655,0.9215686274509804,352.515
3.5,0.01,5.0,4,5.0,0.6798494531413551,0.6798494531413551,0.6929824561403509,0.8927224736048265,352.515
3.5,0.01,7.0,6,5.0,0.6791718676280384,0.6791718676280384,0.6875,0.8437028657616893,352.515
3.5,0.02,7.0,1,5.0,0.6787484240080501,0.6787484240080501,0.6869565217391305,0.9117647058823529,319.225
3.5,0.02,7.0,1,6.0,0.6781294977367301,0.6781294977367301,0.6869565217391305,0.9117647058823529,319.225
3.5,0.02,6.0,6,5.0,0.6760277471387851,0.6760277471387851,0.6756756756756757,0.8338989441930618,319.225
3.5,0.04,7.0,1,5.0,0.6738332003960021,0.6738332003960021,0.6754385964912281,0.8823529411764706,288.185
3.5,0.04,7.0,6,5.0,0.6714679491662501,0.6714679491662501,0.6666666666666666,0.8044871794871795,288.185
3.5,0.01,6.0,6,5.0,0.6710076602996621,0.6710076602996621,0.6785714285714286,0.8437028657616893,352.515
5.5,0.04,7.0,4,5.0,0.6708825324732945,0.6708825324732945,0.660377358490566,0.7746983408748114,240.895
3.5,0.01,7.0,1,5.0,0.6705472889505195,0.6705472889505195,0.6896551724137931,0.9215686274509804,352.515
3.5,0.01,6.0,6,6.0,0.670400579974505,0.670400579974505,0.6810344827586207,0.8927224736048265,352.515
3.5,0.04,7.0,6,6.0,0.6701000938595114,0.6701000938595114,0.6666666666666666,0.8044871794871795,288.185
5.5,0.04,7.0,4,6.0,0.6700546366985687,0.6700546366985687,0.660377358490566,0.7746983408748114,240.895
3.5,0.02,6.0,1,5.0,0.6694649866931814,0.6694649866931814,0.6782608695652174,0.9117647058823529,319.225
5.5,0.02,7.0,4,5.0,0.6680427499070484,0.6680427499070484,0.660377358490566,0.7746983408748114,257.075
3.5,0.04,7.0,1,6.0,0.6675224619315241,0.6675224619315241,0.6695652173913044,0.8823529411764706,288.185
3.5,0.04,6.0,1,5.0,0.6674272089366203,0.6674272089366203,0.6695652173913044,0.892156862745098,288.185
5.5,0.02,7.0,4,6.0,0.6670529054672405,0.6670529054672405,0.660377358490566,0.7746983408748114,257.075
3.5,0.02,6.0,1,6.0,0.6629629438503344,0.6629629438503344,0.6724137931034483,0.9117647058823529,319.225
5.5,0.01,7.0,4,5.0,0.6621470275235937,0.6621470275235937,0.660377358490566,0.7746983408748114,277.27
3.5,0.01,6.0,1,5.0,0.6612829475057383,0.6612829475057383,0.6810344827586207,0.9215686274509804,352.515
3.5,0.04,6.0,1,6.0,0.6611428960864182,0.6611428960864182,0.6637931034482759,0.892156862745098,288.185
5.5,0.01,7.0,4,6.0,0.6607713265181071,0.6607713265181071,0.660377358490566,0.7746983408748114,277.27
3.5,0.04,5.0,4,5.0,0.6600876523042053,0.6600876523042053,0.6578947368421053,0.8535067873303167,288.185
3.5,0.01,5.0,4,6.0,0.6590614380409567,0.6590614380409567,0.6752136752136753,0.902526395173454,352.515
3.5,0.01,7.0,1,6.0,0.6583052681766672,0.6583052681766672,0.6779661016949152,0.9313725490196079,352.515
3.5,0.02,5.0,4,6.0,0.6576214492373075,0.6576214492373075,0.6637931034482759,0.8829185520361991,319.225
4.5,0.04,7.0,4,5.0,0.656177197959666,0.656177197959666,0.6513761467889908,0.7843137254901961,268.23
4.5,0.04,7.0,4,6.0,0.6553793107290565,0.6553793107290565,0.6513761467889908,0.7843137254901961,268.23
5.5,0.04,5.0,4,6.0,0.6540163691738539,0.6540163691738539,0.6448598130841121,0.7746983408748114,240.895
3.5,0.02,5.0,6,5.0,0.653240757718813,0.653240757718813,0.6517857142857143,0.8148567119155354,319.225
3.5,0.04,5.0,4,6.0,0.6526184931592164,0.6526184931592164,0.6521739130434783,0.8535067873303167,288.185
5.5,0.02,5.0,4,6.0,0.6509418645146627,0.6509418645146627,0.6448598130841121,0.7746983408748114,257.075
5.5,0.04,6.0,4,5.0,0.6491478884666849,0.6491478884666849,0.6388888888888888,0.7746983408748114,240.895
3.5,0.01,5.0,6,5.0,0.6490133158616448,0.6490133158616448,0.6548672566371682,0.8246606334841629,352.515
5.5,0.04,6.0,4,6.0,0.6482239064108021,0.6482239064108021,0.6388888888888888,0.7746983408748114,240.895
3.5,0.01,5.0,6,6.0,0.6479225276941752,0.6479225276941752,0.6581196581196581,0.8736802413273002,352.515
4.5,0.04,6.0,4,5.0,0.6469803533539441,0.6469803533539441,0.6422018348623854,0.7843137254901961,268.23
3.5,0.04,5.0,6,5.0,0.6469612146692332,0.6469612146692332,0.6403508771929824,0.8246606334841629,288.185
4.5,0.01,7.0,4,6.0,0.6464566307647908,0.6464566307647908,0.6548672566371682,0.8431372549019608,319.81
5.5,0.02,6.0,4,5.0,0.6463776643441947,0.6463776643441947,0.6388888888888888,0.7746983408748114,257.075
4.5,0.02,7.0,4,5.0,0.6462938340415747,0.6462938340415747,0.6454545454545455,0.7941176470588236,292.325
4.5,0.04,6.0,4,6.0,0.6460589967818258,0.6460589967818258,0.6422018348623854,0.7843137254901961,268.23
5.5,0.04,7.0,1,5.0,0.6459336348093017,0.6459336348093017,0.6388888888888888,0.8139140271493213,240.895
5.5,0.04,7.0,1,6.0,0.6456176564377353,0.6456176564377353,0.6388888888888888,0.8139140271493213,240.895
4.5,0.02,7.0,4,6.0,0.6453095915458652,0.6453095915458652,0.6454545454545455,0.7941176470588236,292.325
5.5,0.02,6.0,4,6.0,0.645235135775131,0.645235135775131,0.6388888888888888,0.7746983408748114,257.075
5.5,0.01,5.0,4,6.0,0.6445638367059469,0.6445638367059469,0.6448598130841121,0.7746983408748114,277.27
3.5,0.01,6.0,1,6.0,0.643590160220602,0.643590160220602,0.6638655462184874,0.9313725490196079,352.515
5.5,0.02,7.0,1,5.0,0.6427418847849048,0.6427418847849048,0.6388888888888888,0.8139140271493213,257.075
5.5,0.02,7.0,1,6.0,0.6423561805926339,0.6423561805926339,0.6388888888888888,0.8139140271493213,257.075
5.5,0.01,6.0,4,5.0,0.640705942714304,0.640705942714304,0.6388888888888888,0.7746983408748114,277.27
5.5,0.01,6.0,4,6.0,0.6391428940029507,0.6391428940029507,0.6388888888888888,0.7746983408748114,277.27
3.5,0.04,5.0,6,6.0,0.6390562428939047,0.6390562428939047,0.6347826086956522,0.8246606334841629,288.185
4.5,0.01,7.0,4,5.0,0.6383234962707771,0.6383234962707771,0.6454545454545455,0.7941176470588236,319.81
4.5,0.01,6.0,4,6.0,0.6373869886189601,0.6373869886189601,0.6460176991150443,0.8431372549019608,319.81
4.5,0.02,6.0,4,5.0,0.6371662439680558,0.6371662439680558,0.6363636363636364,0.7941176470588236,292.325
5.5,0.04,6.0,1,5.0,0.6361453678453651,0.6361453678453651,0.6296296296296297,0.8139140271493213,240.895
4.5,0.02,6.0,4,6.0,0.6359785487010357,0.6359785487010357,0.6363636363636364,0.7941176470588236,292.325
5.5,0.01,7.0,1,5.0,0.6358167543349634,0.6358167543349634,0.6388888888888888,0.8139140271493213,277.27
5.5,0.04,6.0,1,6.0,0.6357731814379135,0.6357731814379135,0.6296296296296297,0.8139140271493213,240.895
5.5,0.01,7.0,1,6.0,0.6352816229918353,0.6352816229918353,0.6388888888888888,0.8139140271493213,277.27
4.5,0.04,7.0,6,5.0,0.6329759033015381,0.6329759033015381,0.6261682242990654,0.7162518853695324,268.23
5.5,0.02,6.0,1,5.0,0.6329344060265121,0.6329344060265121,0.6296296296296297,0.8139140271493213,257.075
5.5,0.02,6.0,1,6.0,0.6324739720234457,0.6324739720234457,0.6296296296296297,0.8139140271493213,257.075
4.5,0.04,7.0,6,6.0,0.6320110572711997,0.6320110572711997,0.6261682242990654,0.7162518853695324,268.23
4.5,0.04,7.0,1,5.0,0.6300907675828789,0.6300907675828789,0.6283185840707964,0.8333333333333333,268.23
4.5,0.04,7.0,1,6.0,0.6297578844672005,0.6297578844672005,0.6283185840707964,0.8333333333333333,268.23
4.5,0.01,6.0,4,5.0,0.6294012393392017,0.6294012393392017,0.6363636363636364,0.7941176470588236,319.81
3.5,0.02,5.0,1,5.0,0.6261822766374018,0.6261822766374018,0.635593220338983,0.9117647058823529,319.225
4.5,0.01,7.0,6,6.0,0.6259393274376719,0.6259393274376719,0.6306306306306306,0.775075414781297,319.81
4.5,0.02,7.0,1,5.0,0.625727183144527,0.625727183144527,0.6283185840707964,0.8333333333333333,292.325
5.5,0.04,5.0,1,6.0,0.625624761888362,0.625624761888362,0.6203703703703703,0.8139140271493213,240.895
4.5,0.02,7.0,1,6.0,0.6253079041739978,0.6253079041739978,0.6283185840707964,0.8333333333333333,292.325
3.5,0.02,5.0,6,6.0,0.6244729845154264,0.6244729845154264,0.6260869565217392,0.8148567119155354,319.225
4.5,0.02,7.0,6,5.0,0.6239922836983444,0.6239922836983444,0.6203703703703703,0.7260558069381599,292.325
4.5,0.04,6.0,6,5.0,0.6239503634334889,0.6239503634334889,0.616822429906542,0.7162518853695324,268.23
4.5,0.04,6.0,6,6.0,0.6228465382405638,0.6228465382405638,0.616822429906542,0.7162518853695324,268.23
4.5,0.02,7.0,6,6.0,0.6227694429448107,0.6227694429448107,0.6203703703703703,0.7260558069381599,292.325
5.5,0.02,5.0,1,6.0,0.6222544581575414,0.6222544581575414,0.6203703703703703,0.8139140271493213,257.075
4.5,0.04,6.0,1,5.0,0.6207861326025216,0.6207861326025216,0.6194690265486725,0.8333333333333333,268.23
4.5,0.04,6.0,1,6.0,0.6204076161780973,0.6204076161780973,0.6194690265486725,0.8333333333333333,268.23
5.5,0.01,6.0,1,5.0,0.6202449387479613,0.6202449387479613,0.6238532110091743,0.8139140271493213,277.27
3.5,0.02,5.0,1,6.0,0.6199684603194117,0.6199684603194117,0.6302521008403361,0.9117647058823529,319.225
5.5,0.01,6.0,1,6.0,0.619619119423564,0.619619119423564,0.6238532110091743,0.8139140271493213,277.27
5.5,0.04,5.0,4,5.0,0.6172757846082327,0.6172757846082327,0.6074766355140186,0.7360482654600302,240.895
4.5,0.01,7.0,6,5.0,0.6172510804557343,0.6172510804557343,0.6203703703703703,0.7260558069381599,319.81
4.5,0.01,6.0,6,6.0,0.6170562535650435,0.6170562535650435,0.6216216216216216,0.775075414781297,319.81
4.5,0.01,7.0,1,5.0,0.6166806094950424,0.6166806094950424,0.6283185840707964,0.8333333333333333,319.81
4.5,0.02,6.0,1,5.0,0.6163875020303607,0.6163875020303607,0.6194690265486725,0.8333333333333333,292.325
4.5,0.02,6.0,1,6.0,0.6158924059456334,0.6158924059456334,0.6194690265486725,0.8333333333333333,292.325
4.5,0.02,6.0,6,5.0,0.6149935370522426,0.6149935370522426,0.6111111111111112,0.7260558069381599,292.325
5.5,0.02,5.0,4,5.0,0.6146725768096557,0.6146725768096557,0.6074766355140186,0.7360482654600302,257.075
3.5,0.01,5.0,1,5.0,0.6136200042450279,0.6136200042450279,0.6333333333333333,0.9215686274509804,352.515
4.5,0.02,6.0,6,6.0,0.6135701812380999,0.6135701812380999,0.6111111111111112,0.7260558069381599,292.325
5.5,0.01,5.0,1,6.0,0.609337574120649,0.609337574120649,0.6146788990825688,0.8139140271493213,277.27
5.5,0.01,5.0,4,5.0,0.6091501548748399,0.6091501548748399,0.6074766355140186,0.7360482654600302,277.27
4.5,0.01,7.0,1,6.0,0.6086579918526979,0.6086579918526979,0.6206896551724138,0.8529411764705883,319.81
4.5,0.01,6.0,6,5.0,0.6084648185453865,0.6084648185453865,0.6111111111111112,0.7260558069381599,319.81
5.5,0.04,5.0,1,5.0,0.6073236481892063,0.6073236481892063,0.6018518518518519,0.8041101055806938,240.895
4.5,0.01,6.0,1,5.0,0.6072981042913254,0.6072981042913254,0.6194690265486725,0.8333333333333333,319.81
5.5,0.02,5.0,1,5.0,0.6042234156521588,0.6042234156521588,0.6018518518518519,0.8041101055806938,257.075
3.5,0.04,5.0,1,5.0,0.6023144458951635,0.6023144458951635,0.6050420168067226,0.8823529411764706,288.185
4.5,0.01,6.0,1,6.0,0.5993756355305476,0.5993756355305476,0.6120689655172413,0.8529411764705883,319.81
3.5,0.01,5.0,1,6.0,0.5973718917863534,0.5973718917863534,0.6178861788617886,0.9313725490196079,352.515
5.5,0.01,5.0,1,5.0,0.5917363127883525,0.5917363127883525,0.5963302752293578,0.8041101055806938,277.27
3.5,0.04,5.0,1,6.0,0.5917103442519416,0.5917103442519416,0.5950413223140496,0.8823529411764706,288.185
5.5,0.04,5.0,6,6.0,0.591631698366199,0.591631698366199,0.580952380952381,0.6674208144796381,240.895
4.5,0.04,5.0,4,5.0,0.5900003943890275,0.5900003943890275,0.5855855855855856,0.7456636500754148,268.23
5.5,0.02,5.0,6,6.0,0.5894102409148055,0.5894102409148055,0.580952380952381,0.6674208144796381,257.075
4.5,0.04,5.0,4,6.0,0.588798648184711,0.588798648184711,0.5855855855855856,0.7456636500754148,268.23
5.5,0.01,5.0,6,6.0,0.5841047870553767,0.5841047870553767,0.580952380952381,0.6674208144796381,277.27
4.5,0.02,5.0,4,5.0,0.5811353421087784,0.5811353421087784,0.5803571428571429,0.7554675716440422,292.325
4.5,0.02,5.0,4,6.0,0.5796281127601564,0.5796281127601564,0.5803571428571429,0.7554675716440422,292.325
5.5,0.04,7.0,6,5.0,0.576721484955292,0.576721484955292,0.5660377358490566,0.6481900452488687,240.895
5.5,0.04,7.0,6,6.0,0.5759046967443342,0.5759046967443342,0.5660377358490566,0.6481900452488687,240.895
5.5,0.02,7.0,6,5.0,0.5747333453471162,0.5747333453471162,0.5660377358490566,0.6481900452488687,257.075
4.5,0.01,5.0,4,5.0,0.5739250228922786,0.5739250228922786,0.5803571428571429,0.7554675716440422,319.81
5.5,0.02,7.0,6,6.0,0.5737724057821574,0.5737724057821574,0.5660377358490566,0.6481900452488687,257.075
5.5,0.01,7.0,6,5.0,0.5701014807007704,0.5701014807007704,0.5660377358490566,0.6481900452488687,277.27
5.5,0.01,7.0,6,6.0,0.5686609147619663,0.5686609147619663,0.5660377358490566,0.6481900452488687,277.27
4.5,0.04,5.0,6,5.0,0.566999928043689,0.566999928043689,0.5596330275229358,0.6776018099547512,268.23
4.5,0.04,5.0,6,6.0,0.5655436074530759,0.5655436074530759,0.5596330275229358,0.6776018099547512,268.23
4.5,0.01,5.0,4,6.0,0.5654172360412847,0.5654172360412847,0.5739130434782609,0.7848793363499246,319.81
5.5,0.04,6.0,6,5.0,0.5621789250673106,0.5621789250673106,0.5514018691588785,0.6481900452488687,240.895
5.5,0.04,6.0,6,6.0,0.5612584552029048,0.5612584552029048,0.5514018691588785,0.6481900452488687,240.895
5.5,0.02,6.0,6,5.0,0.5602021337108412,0.5602021337108412,0.5514018691588785,0.6481900452488687,257.075
5.5,0.02,6.0,6,6.0,0.5591042256550209,0.5591042256550209,0.5514018691588785,0.6481900452488687,257.075
4.5,0.02,5.0,6,5.0,0.5589965847467683,0.5589965847467683,0.5545454545454546,0.6874057315233786,292.325
4.5,0.02,5.0,6,6.0,0.5571619227965864,0.5571619227965864,0.5545454545454546,0.6874057315233786,292.325
4.5,0.04,5.0,1,5.0,0.5570008003313424,0.5570008003313424,0.5565217391304348,0.8235294117647058,268.23
4.5,0.04,5.0,1,6.0,0.556534725626675,0.556534725626675,0.5565217391304348,0.8235294117647058,268.23
5.5,0.01,6.0,6,5.0,0.5558948836643498,0.5558948836643498,0.5514018691588785,0.6481900452488687,277.27
5.5,0.01,6.0,6,6.0,0.5542554279991272,0.5542554279991272,0.5514018691588785,0.6481900452488687,277.27
5.5,0.04,5.0,6,5.0,0.5539675345875466,0.5539675345875466,0.5428571428571428,0.6287707390648567,240.895
4.5,0.01,5.0,6,5.0,0.5531333826709308,0.5531333826709308,0.5545454545454546,0.6874057315233786,319.81
4.5,0.02,5.0,1,5.0,0.5530351423752703,0.5530351423752703,0.5565217391304348,0.8235294117647058,292.325
4.5,0.02,5.0,1,6.0,0.5524364701676524,0.5524364701676524,0.5565217391304348,0.8235294117647058,292.325
5.5,0.02,5.0,6,5.0,0.5521629685818064,0.5521629685818064,0.5428571428571428,0.6287707390648567,257.075
5.5,0.01,5.0,6,5.0,0.5479499098222296,0.5479499098222296,0.5428571428571428,0.6287707390648567,277.27
4.5,0.01,5.0,6,6.0,0.5446307117397482,0.5446307117397482,0.5486725663716814,0.7168174962292609,319.81
4.5,0.01,5.0,1,5.0,0.5444327967836005,0.5444327967836005,0.5565217391304348,0.8235294117647058,319.81
4.5,0.01,5.0,1,6.0,0.5380534688153874,0.5380534688153874,0.5508474576271186,0.8431372549019608,319.81
