scales,n_scales,min_distance_um,rel_threshold,adj,edge_j,recall,recall_hard,peaks_per_frame
current 2-scale,2,3.0,0.02,0.7552401884816876,0.7636363636363637,0.9313725490196079,0.8627450980392157,328.75
current 2-scale,2,3.5,0.02,0.739531977024864,0.7454545454545455,0.9117647058823529,0.8235294117647058,319.225
current 2-scale,2,3.0,0.01,0.7303688880266966,0.75,0.9313725490196079,0.8627450980392157,365.275
single small,1,3.5,0.01,0.7062397846875003,0.7304347826086957,0.9509803921568627,0.9019607843137255,390.565
current 2-scale,2,3.5,0.01,0.7034039869571788,0.7192982456140351,0.9215686274509804,0.8431372549019608,352.515
single small,1,3.0,0.01,0.7033833620023212,0.7304347826086957,0.9509803921568627,0.9019607843137255,403.135
fine 2-scale,2,4.5,0.02,0.7023903527367351,0.7207207207207207,0.8823529411764706,0.7647058823529411,373.42
single small,1,3.5,0.02,0.6915809837369118,0.7043478260869566,0.9215686274509804,0.8431372549019608,355.805
single small,1,3.0,0.02,0.6897628514646404,0.7043478260869566,0.9215686274509804,0.8431372549019608,365.245
single small,1,4.5,0.01,0.675253019966492,0.6902654867256637,0.8823529411764706,0.7647058823529411,354.23
3-scale fine,3,3.0,0.02,0.672821170458425,0.7033898305084746,0.9607843137254901,0.9215686274509803,430.815
4-scale wide,4,3.5,0.02,0.6700650128674123,0.6929824561403509,0.892156862745098,0.7843137254901961,401.13
3-scale tight-ratio,3,4.5,0.02,0.6700479827676074,0.6761904761904762,0.7745098039215687,0.5490196078431373,327.265
single small,1,4.5,0.02,0.6698029968771111,0.6756756756756757,0.8333333333333333,0.6666666666666666,325.605
3-scale fine,3,3.5,0.02,0.665053032237684,0.6890756302521008,0.9509803921568627,0.9019607843137255,404.295
3-scale fine,3,4.5,0.02,0.6628814323766614,0.6756756756756757,0.8529411764705883,0.7058823529411765,352.90999999999997
fine 2-scale,2,4.5,0.01,0.6626898111148706,0.7207207207207207,0.8823529411764706,0.7647058823529411,487.89
fine 2-scale,2,3.5,0.02,0.654997069084483,0.6837606837606838,0.9117647058823529,0.8235294117647058,429.735
current 2-scale,2,4.5,0.01,0.6522285649680478,0.6607142857142857,0.8431372549019608,0.6862745098039216,319.81
current 2-scale,2,4.5,0.02,0.6512298630279374,0.6513761467889908,0.7941176470588236,0.5882352941176471,292.32500000000005
3-scale tight-ratio,3,3.5,0.02,0.639805592114979,0.6513761467889908,0.803921568627451,0.6078431372549019,363.24
3-scale tight-ratio,3,4.5,0.01,0.6386278071951064,0.6635514018691588,0.7843137254901961,0.5686274509803921,386.20000000000005
4-scale wide,4,3.5,0.01,0.6344136245478554,0.7130434782608696,0.9215686274509804,0.8431372549019608,564.31
4-scale wide,4,4.5,0.02,0.6339624327230082,0.6454545454545455,0.7941176470588236,0.5882352941176471,350.775
4-scale wide,4,3.0,0.02,0.6319577488431355,0.6581196581196581,0.892156862745098,0.7843137254901961,427.04
fine 2-scale,2,3.0,0.02,0.6305803613664838,0.6638655462184874,0.9215686274509804,0.8431372549019608,458.505
3-scale fine,3,4.5,0.01,0.6236042543562982,0.6756756756756757,0.8529411764705883,0.7058823529411765,464.755
3-scale tight-ratio,3,3.0,0.02,0.623081378914272,0.6371681415929203,0.8333333333333333,0.6666666666666666,378.66999999999996
fine 2-scale,2,3.5,0.01,0.6094665269845603,0.6923076923076923,0.9215686274509804,0.8431372549019608,597.7
3-scale tight-ratio,3,3.5,0.01,0.5998850929363366,0.6339285714285714,0.8137254901960784,0.6274509803921569,440.74
3-scale tight-ratio,3,3.0,0.01,0.5954578190582341,0.6347826086956522,0.8529411764705883,0.7058823529411765,467.30499999999995
4-scale wide,4,4.5,0.01,0.594644698544274,0.6454545454545455,0.7941176470588236,0.5882352941176471,462.305
3-scale fine,3,3.5,0.01,0.5917525670327094,0.6666666666666666,0.9411764705882353,0.8823529411764706,568.04
3-scale fine,3,3.0,0.01,0.5871653322592603,0.675,0.9509803921568627,0.9019607843137255,620.69
4-scale wide,4,3.0,0.01,0.5854286109777411,0.6722689075630253,0.9215686274509804,0.8431372549019608,616.38
fine 2-scale,2,3.0,0.01,0.571004997095023,0.6638655462184874,0.9117647058823529,0.8235294117647058,653.49
