id,family,feature_set,status,balanced_accuracy_oof,fold_scores,n_folds,seconds,error,timestamp
lightgbm__fe_heavy_nan__seed7777__7aca242e,lightgbm,fe_heavy_nan,success,0.877055,0.876787;0.878217;0.876823;0.876203;0.877247,5.0,3213.8,,2026-07-10 15:03:53
sgd__fe_heavy_imputed__seed42__472dbeed,sgd,fe_heavy_imputed,success,0.843245,0.789531;0.866751;0.822288;0.875584;0.862073,5.0,6099.1,,2026-07-10 15:03:53
hist_gb__fe_heavy_nan__seed202__1495006c,hist_gb,fe_heavy_nan,success,0.87139,0.869739;0.872988;0.873469;0.870216;0.870540,5.0,1179.5,,2026-07-10 16:45:32
bagging__fe_heavy_imputed__seed202__87034dde,bagging,fe_heavy_imputed,success,0.874307,0.873382;0.876741;0.874036;0.871916;0.875459,5.0,5571.6,,2026-07-10 15:57:27
xgboost__fe_heavy_nan__seed42__32eb2819,xgboost,fe_heavy_nan,success,0.868427,0.871449;0.872806;0.874727;0.863741;0.859411,5.0,1804.2,,2026-07-10 17:05:12
extra_trees__raw_imputed__seed42__af8e8b4a,extra_trees,raw_imputed,success,0.600703,0.604765;0.584748;0.615670;0.603729;0.594600,5.0,310.1,,2026-07-10 17:30:19
random_forest__raw_imputed__seed42__cafe06ea,random_forest,raw_imputed,success,0.85489,0.854357;0.857316;0.857675;0.852263;0.852837,5.0,517.0,,2026-07-10 17:35:29
ridge__fe_heavy_imputed__seed42__929462d6,ridge,fe_heavy_imputed,success,0.689528,0.686288;0.690835;0.691848;0.688851;0.689817,5.0,2510.1,,2026-07-10 17:44:06
extra_trees__raw_imputed__seed202__ccc7c53c,extra_trees,raw_imputed,success,0.808128,0.805151;0.809127;0.811277;0.808765;0.806318,5.0,824.9,,2026-07-10 18:25:56
decision_tree__fe_heavy_nan__seed202__52e0759d,decision_tree,fe_heavy_nan,success,0.882317,0.881564;0.882366;0.885603;0.879424;0.882628,5.0,10672.9,,2026-07-10 17:35:16
hist_gb__raw_nan__seed42__48104b66,hist_gb,raw_nan,success,0.87643,0.874219;0.877900;0.878574;0.875225;0.876234,5.0,2850.2,,2026-07-10 20:33:09
masamlp_ft_transformer__raw_nan__seed202__9c6ea2c7,masamlp_ft_transformer,raw_nan,success,0.871023,0.870689;0.872550;0.871880;0.869579;0.870415,5.0,64538.3,,2026-07-10 18:39:41
masamlp_realmlp__raw_nan__seed42__c7967f92,masamlp_realmlp,raw_nan,success,0.867663,0.867308;0.871130;0.867358;0.864922;0.867598,5.0,56122.5,,2026-07-10 21:20:39
lightgbm__fe_heavy_nan__seed7777__3c4e7ee1,lightgbm,fe_heavy_nan,success,0.877554,0.876913;0.879391;0.876541;0.877949;0.876976,5.0,1654.6,,2026-07-11 12:35:19
hist_gb__fe_heavy_nan__seed202__8ef87a87,hist_gb,fe_heavy_nan,success,0.874992,0.874231;0.873980;0.876025;0.875543;0.875179,5.0,4453.1,,2026-07-11 13:02:54
lda__fe_heavy_imputed__seed42__1183bbfd,lda,fe_heavy_imputed,success,0.82373,0.823904;0.823861;0.826400;0.823948;0.820537,5.0,179.7,,2026-07-11 14:17:07
sgd__fe_heavy_imputed__seed202__9e1343cb,sgd,fe_heavy_imputed,success,0.830599,0.822559;0.836862;0.831122;0.836553;0.825900,5.0,580.5,,2026-07-11 14:20:06
passive_aggressive__fe_heavy_imputed__seed42__52cb2cd8,passive_aggressive,fe_heavy_imputed,success,0.743221,0.727449;0.727586;0.780794;0.746156;0.734110,5.0,62.6,,2026-07-11 14:29:47
xgboost__raw_nan__seed7777__d0bfafb3,xgboost,raw_nan,success,0.877129,0.875541;0.878579;0.879780;0.875064;0.876681,5.0,409.6,,2026-07-11 14:30:50
lightgbm__fe_heavy_nan__seed42__965cd859,lightgbm,fe_heavy_nan,success,0.877639,0.877211;0.878636;0.877269;0.876879;0.878198,5.0,3775.4,,2026-07-11 14:37:39
logistic_regression__raw_imputed__seed42__3b9de559,logistic_regression,raw_imputed,success,0.841033,0.836169;0.843510;0.844000;0.840882;0.840606,5.0,21.3,,2026-07-11 15:40:35
qda__raw_imputed__seed42__95ec5913,qda,raw_imputed,failed,,,5.0,0.3,LinAlgError: The covariance matrix of class 0 is not full rank. Increase the value of `reg_param` to reduce the collinearity.,2026-07-11 15:40:56
random_forest__raw_imputed__seed202__3724c0a2,random_forest,raw_imputed,success,0.845106,0.843064;0.848425;0.847924;0.841906;0.844209,5.0,337.7,,2026-07-11 15:40:56
xgboost__fe_heavy_nan__seed202__65a62407,xgboost,fe_heavy_nan,success,0.86495,0.842699;0.873445;0.873805;0.863934;0.870866,5.0,1043.0,,2026-07-11 15:46:34
hist_gb__raw_nan__seed7777__56d68fb8,hist_gb,raw_nan,success,0.871356,0.869935;0.873402;0.873884;0.870327;0.869230,5.0,102.6,,2026-07-11 16:03:57
hist_gb__raw_nan__seed7777__24fd222d,hist_gb,raw_nan,success,0.87587,0.875126;0.877536;0.877586;0.873807;0.875296,5.0,243.4,,2026-07-11 16:05:40
catboost__fe_heavy_nan__seed202__97807644,catboost,fe_heavy_nan,success,0.871179,0.868787;0.873145;0.874397;0.868797;0.870770,5.0,9529.4,,2026-07-11 16:09:43
bernoulli_nb__raw_imputed__seed42__ffa6fe85,bernoulli_nb,raw_imputed,success,0.813068,0.814434;0.813166;0.815821;0.811009;0.810912,5.0,8.0,,2026-07-11 18:48:32
masamlp_realmlp__fe_heavy_nan__seed202__30686eb6,masamlp_realmlp,fe_heavy_nan,success,0.871848,0.872160;0.874480;0.873251;0.868162;0.871188,5.0,37826.7,,2026-07-11 12:56:01
xgboost__raw_nan__seed202__65b27f48,xgboost,raw_nan,success,0.878831,0.877910;0.880246;0.881064;0.876548;0.878386,5.0,391.7,,2026-07-11 23:26:28
hist_gb__raw_nan__seed202__103adb3a,hist_gb,raw_nan,success,0.876558,0.875341;0.877991;0.877426;0.875560;0.876473,5.0,161.3,,2026-07-11 23:33:00
catboost__fe_heavy_nan__seed42__b664256c,catboost,fe_heavy_nan,success,0.871327,0.869750;0.873003;0.873551;0.869177;0.871152,5.0,7528.3,,2026-07-11 23:35:41
catboost__fe_heavy_nan__seed7777__03c4d290,catboost,fe_heavy_nan,success,0.871663,0.870056;0.873453;0.873817;0.869728;0.871260,5.0,9984.0,,2026-07-12 01:41:10
tabnet__raw_imputed__seed42__7b31c988,tabnet,raw_imputed,success,0.849942,0.849028;0.859463;0.826934;0.852157;0.862133,5.0,1294.4,,2026-07-12 04:27:34
xgboost__fe_heavy_nan__seed202__6651f73c,xgboost,fe_heavy_nan,success,0.871852,0.868707;0.876521;0.872649;0.867666;0.873717,5.0,32006.7,,2026-07-12 04:49:08
gradient_boosting__raw_imputed__seed42__dd47c720,gradient_boosting,raw_imputed,success,0.869243,0.868302;0.870105;0.871425;0.865614;0.870769,5.0,1614.3,,2026-07-12 13:42:35
extra_trees__raw_imputed__seed7777__f404f97f,extra_trees,raw_imputed,success,0.812356,0.808652;0.816188;0.813480;0.810890;0.812568,5.0,462.4,,2026-07-12 14:09:29
xgboost__raw_nan__seed7777__d0f5a232,xgboost,raw_nan,success,0.8659,0.864043;0.868309;0.867569;0.863828;0.865753,5.0,95.8,,2026-07-12 14:17:11
catboost__raw_nan__seed202__b21dfc63,catboost,raw_nan,success,0.867657,0.866470;0.869700;0.868433;0.866344;0.867335,5.0,6380.1,,2026-07-12 14:18:47
lightgbm__fe_heavy_nan__seed7777__a00c37e9,lightgbm,fe_heavy_nan,success,0.874799,0.875010;0.877277;0.874497;0.873560;0.873652,5.0,503.9,,2026-07-12 16:05:07
sgd__raw_imputed__seed42__948f05b3,sgd,raw_imputed,success,0.62269,0.618441;0.622857;0.613463;0.625618;0.633074,5.0,13.1,,2026-07-12 16:13:31
gradient_boosting__fe_heavy_imputed__seed202__9a19c1b8,gradient_boosting,fe_heavy_imputed,success,0.874472,0.866655;0.882229;0.877702;0.871495;0.874278,5.0,87580.2,,2026-07-11 18:48:40
lightgbm__raw_nan__seed202__20951236,lightgbm,raw_nan,success,0.879666,0.878157;0.881463;0.881615;0.877996;0.879099,5.0,385.3,,2026-07-12 19:08:21
hist_gb__fe_heavy_nan__seed7777__c8b33003,hist_gb,fe_heavy_nan,success,0.871193,0.869645;0.871995;0.873942;0.868525;0.871858,5.0,484.4,,2026-07-12 19:14:46
lightgbm__raw_nan__seed7777__c1bc7b5e,lightgbm,raw_nan,success,0.877262,0.875630;0.878961;0.879260;0.875242;0.877217,5.0,235.7,,2026-07-12 19:22:50
random_forest__raw_imputed__seed42__e9a5d070,random_forest,raw_imputed,success,0.854757,0.853315;0.856806;0.856051;0.852845;0.854766,5.0,519.3,,2026-07-12 19:26:46
catboost__fe_heavy_nan__seed42__20d02139,catboost,fe_heavy_nan,success,0.871537,0.870560;0.873763;0.873437;0.869300;0.870624,5.0,27167.6,,2026-07-12 16:13:44
perceptron__fe_heavy_imputed__seed202__abe66d60,perceptron,fe_heavy_imputed,success,0.788,0.824532;0.786222;0.776053;0.762425;0.790772,5.0,289.3,,2026-07-12 23:46:32
lightgbm__fe_heavy_nan__seed202__09814009,lightgbm,fe_heavy_nan,success,0.876407,0.876696;0.877009;0.877400;0.874310;0.876621,5.0,4252.4,,2026-07-12 23:51:21
lightgbm__raw_nan__seed202__465c00e5,lightgbm,raw_nan,success,0.878952,0.878081;0.880211;0.880848;0.877280;0.878338,5.0,1364.7,,2026-07-13 01:02:14
mlp__raw_imputed__seed42__ee982333,mlp,raw_imputed,success,0.861562,0.870543;0.860995;0.855031;0.861711;0.859528,5.0,447.4,,2026-07-13 01:24:58
logistic_regression__raw_imputed__seed202__d240b9b5,logistic_regression,raw_imputed,success,0.840199,0.835408;0.841842;0.843672;0.840112;0.839961,5.0,30.3,,2026-07-13 01:32:26
hist_gb__raw_nan__seed202__e20e7f1e,hist_gb,raw_nan,success,0.875106,0.873220;0.876615;0.876737;0.872846;0.876112,5.0,1418.3,,2026-07-13 01:32:56
lightgbm__fe_heavy_nan__seed42__c5eef25f,lightgbm,fe_heavy_nan,success,0.877605,0.876682;0.877730;0.879324;0.877040;0.877250,5.0,77508.6,,2026-07-13 01:56:34
catboost__fe_heavy_nan__seed7777__b7a68836,catboost,fe_heavy_nan,failed,,,5.0,4221.8,CatBoostError: bad allocation,2026-07-13 23:28:23
mlp__fe_heavy_imputed__seed42__d019e936,mlp,fe_heavy_imputed,failed,,,5.0,101.1,"MemoryError: Unable to allocate 4.21 MiB for an array with shape (552070,) and data type int64",2026-07-14 00:38:47
logistic_regression__raw_imputed__seed202__bbe81ceb,logistic_regression,raw_imputed,success,0.841224,0.836418;0.843353;0.844198;0.841125;0.841028,5.0,841.0,,2026-07-20 23:13:24
logistic_regression__raw_imputed__seed42__83c3de03,logistic_regression,raw_imputed,success,0.899336,0.899947;0.900190;0.899295;0.899027;0.898222,5.0,20.9,,2026-07-20 23:27:25
random_forest__raw_nan__seed202__71a3b345,random_forest,raw_nan,success,0.861534,0.859675;0.863137;0.863236;0.860205;0.861415,5.0,1335.8,,2026-07-20 23:27:45
random_forest__raw_nan__seed42__12b8fc22,random_forest,raw_nan,success,0.861094,0.859116;0.863167;0.862554;0.859727;0.860904,5.0,1199.4,,2026-07-20 23:50:01
sgd__raw_imputed__seed202__fa704e02,sgd,raw_imputed,success,0.739623,0.695119;0.735152;0.769989;0.769745;0.728111,5.0,36.2,,2026-07-21 00:10:01
sgd__fe_heavy_imputed__seed42__69b531db,sgd,fe_heavy_imputed,success,0.842754,0.846491;0.858193;0.865972;0.822778;0.820327,5.0,12787.5,,2026-07-21 00:10:37
hist_gb__raw_nan__seed7777__d6293f10,hist_gb,raw_nan,success,0.876569,0.874492;0.878092;0.878570;0.874898;0.876795,5.0,528.3,,2026-07-21 03:43:44
random_forest__raw_imputed__seed7777__c522743d,random_forest,raw_imputed,success,0.85955,0.858001;0.861652;0.861379;0.857517;0.859203,5.0,1043.6,,2026-07-21 03:52:33
decision_tree__raw_nan__seed7777__ee36e0dc,decision_tree,raw_nan,success,0.867713,0.865936;0.867491;0.869671;0.868350;0.867117,5.0,119.3,,2026-07-21 04:09:56
logistic_regression__raw_imputed__seed202__b8d965ce,logistic_regression,raw_imputed,success,0.833572,0.829607;0.835251;0.836053;0.833663;0.833285,5.0,312.6,,2026-07-20 19:59:12
knn__raw_imputed__seed42__cbdb5ef2,knn,raw_imputed,success,0.650484,0.655526;0.643898;0.654791;0.641578;0.656627,5.0,1059.2,,2026-07-20 20:04:25
lightgbm__raw_nan__seed202__859007d8,lightgbm,raw_nan,success,0.878645,0.877124;0.880034;0.880981;0.877080;0.878005,5.0,1164.6,,2026-07-20 20:22:04
xgboost__raw_nan__seed42__a920c7fb,xgboost,raw_nan,success,0.865478,0.864152;0.867238;0.866647;0.863711;0.865643,5.0,626.4,,2026-07-20 20:41:29
extra_trees__raw_nan__seed202__c208273f,extra_trees,raw_nan,success,0.650334,0.646202;0.645540;0.635813;0.662370;0.661750,5.0,2073.2,,2026-07-20 20:51:55
gradient_boosting__raw_imputed__seed42__816b1ec5,gradient_boosting,raw_imputed,success,0.87101,0.869987;0.871944;0.872917;0.867991;0.872213,5.0,5406.6,,2026-07-20 19:59:12
mlp__raw_imputed__seed202__9d6bd542,mlp,raw_imputed,success,0.858192,0.857127;0.857729;0.857951;0.857739;0.860414,5.0,5485.7,,2026-07-20 19:59:12
random_forest__raw_imputed__seed42__fccd227c,random_forest,raw_imputed,success,0.859436,0.858368;0.861473;0.860804;0.857145;0.859389,5.0,6239.8,,2026-07-20 19:59:12
adaboost__raw_imputed__seed202__957e18db,adaboost,raw_imputed,success,0.616793,0.604401;0.624196;0.616154;0.618922;0.620291,5.0,1537.3,,2026-07-20 21:26:29
lightgbm__raw_nan__seed42__778161c2,lightgbm,raw_nan,success,0.879021,0.876983;0.880519;0.881283;0.876929;0.879393,5.0,726.1,,2026-07-20 21:43:12
logistic_regression__raw_imputed__seed202__e14fe300,logistic_regression,raw_imputed,success,0.841142,0.836148;0.843393;0.844286;0.841020;0.840864,5.0,56.7,,2026-07-20 21:55:18
xgboost__raw_nan__seed42__e1acf714,xgboost,raw_nan,success,0.878836,0.878080;0.880264;0.880987;0.876790;0.878060,5.0,1871.8,,2026-07-20 21:52:06
random_forest__raw_imputed__seed42__5f4b8f43,random_forest,raw_imputed,success,0.855929,0.855179;0.857632;0.857543;0.853220;0.856069,5.0,3334.6,,2026-07-20 21:30:38
hist_gb__fe_heavy_nan__seed7777__1bc8cde0,hist_gb,fe_heavy_nan,success,0.875561,0.874127;0.876747;0.876063;0.875369;0.875499,5.0,5800.9,,2026-07-20 21:29:19
lightgbm__fe_heavy_nan__seed202__dcd40bc4,lightgbm,fe_heavy_nan,success,0.876921,0.876342;0.877774;0.877562;0.875873;0.877053,5.0,7958.6,,2026-07-20 22:23:18
adaboost__fe_heavy_imputed__seed42__efb7e719,adaboost,fe_heavy_imputed,success,0.771023,0.772041;0.779835;0.775474;0.747405;0.780359,5.0,21058.0,,2026-07-20 21:56:15
logistic_regression__raw_imputed__seed42__93b66e6e,logistic_regression,raw_imputed,success,0.841224,0.836418;0.843353;0.844198;0.841125;0.841028,5.0,999.4,,2026-07-20 19:59:25
hist_gb__raw_nan__seed42__51fca40a,hist_gb,raw_nan,success,0.871961,0.871318;0.873965;0.873097;0.870976;0.870449,5.0,215.7,,2026-07-20 20:16:04
xgboost__raw_nan__seed42__5209c074,xgboost,raw_nan,success,0.877289,0.875952;0.878532;0.879876;0.875372;0.876713,5.0,1498.5,,2026-07-20 19:59:25
lightgbm__raw_nan__seed202__bdc60e34,lightgbm,raw_nan,success,0.879725,0.879432;0.880926;0.882133;0.877292;0.878844,5.0,8552.5,,2026-07-20 20:24:23
xgboost__raw_nan__seed202__fecd8830,xgboost,raw_nan,success,0.875787,0.873790;0.877429;0.878080;0.874506;0.875132,5.0,729.9,,2026-07-20 22:46:56
logistic_regression__fe_heavy_imputed__seed42__79afa10b,logistic_regression,fe_heavy_imputed,success,0.866787,0.865573;0.867838;0.867466;0.867269;0.865786,5.0,10568.2,,2026-07-20 22:59:06
lightgbm__raw_nan__seed7777__56b7b8f3,lightgbm,raw_nan,success,0.880508,0.878410;0.882062;0.883422;0.878612;0.880037,5.0,2870.4,,2026-07-21 01:55:14
catboost__fe_heavy_nan__seed7777__1a917c60,catboost,fe_heavy_nan,success,0.871578,0.870070;0.873438;0.874789;0.870029;0.869563,5.0,28648.9,,2026-07-20 19:59:25
xgboost__fe_heavy_nan__seed202__e95ea3d8,xgboost,fe_heavy_nan,success,0.869808,0.860299;0.878246;0.873192;0.864270;0.873034,5.0,9635.3,,2026-07-21 03:56:54
catboost__raw_nan__seed7777__f064f225,catboost,raw_nan,success,0.864436,0.863541;0.867651;0.867491;0.858812;0.864686,5.0,4692.2,,2026-07-21 06:37:29
knn__raw_imputed__seed202__33b4e671,knn,raw_imputed,success,0.627833,0.626101;0.623952;0.627451;0.622939;0.638722,5.0,761.9,,2026-07-20 19:59:32
adaboost__raw_imputed__seed42__a87fb2c3,adaboost,raw_imputed,success,0.585875,0.593807;0.555274;0.627068;0.558464;0.594759,5.0,865.0,,2026-07-20 20:12:14
hist_gb__raw_nan__seed202__9fa53a31,hist_gb,raw_nan,success,0.871232,0.870206;0.872014;0.873312;0.868918;0.871709,5.0,174.0,,2026-07-20 20:26:39
extra_trees__raw_nan__seed202__e4b745e6,extra_trees,raw_nan,success,0.84757,0.844488;0.850403;0.848512;0.847167;0.847278,5.0,3533.4,,2026-07-20 19:59:32
xgboost__raw_nan__seed42__f1d807cf,xgboost,raw_nan,success,0.879459,0.877994;0.881684;0.882065;0.877383;0.878168,5.0,4385.0,,2026-07-20 19:59:32
extra_trees__raw_nan__seed7777__7cc869b6,extra_trees,raw_nan,success,0.859795,0.858075;0.861979;0.861715;0.858068;0.859138,5.0,4021.9,,2026-07-20 20:29:33
logistic_regression__fe_heavy_imputed__seed42__bae2b6f8,logistic_regression,fe_heavy_imputed,success,0.86721,0.865526;0.868536;0.867137;0.867955;0.866896,5.0,6599.8,,2026-07-20 19:59:32
adaboost__raw_imputed__seed42__940e4b1e,adaboost,raw_imputed,success,0.587793,0.579268;0.581020;0.582448;0.616291;0.579939,5.0,2550.5,,2026-07-20 21:12:37
lightgbm__raw_nan__seed7777__f940aff5,lightgbm,raw_nan,success,0.88078,0.879478;0.881923;0.883196;0.879459;0.879842,5.0,2826.4,,2026-07-20 21:55:07
adaboost__raw_imputed__seed202__35b7a740,adaboost,raw_imputed,success,0.585875,0.593807;0.555274;0.627068;0.558464;0.594759,5.0,994.2,,2026-07-20 22:42:13
lightgbm__fe_heavy_nan__seed42__ece14e2c,lightgbm,fe_heavy_nan,success,0.876675,0.876012;0.878675;0.876219;0.875815;0.876655,5.0,6905.2,,2026-07-20 21:36:34
xgboost__fe_heavy_nan__seed42__dada2235,xgboost,fe_heavy_nan,success,0.86938,0.861207;0.877234;0.870130;0.864788;0.873540,5.0,6810.5,,2026-07-20 21:49:31
xgboost__raw_nan__seed202__792611f8,xgboost,raw_nan,success,0.877324,0.875843;0.878896;0.879398;0.875962;0.876521,5.0,2048.5,,2026-07-20 23:31:40
catboost__fe_heavy_nan__seed202__b912d91b,catboost,fe_heavy_nan,success,0.872561,0.873026;0.874205;0.875849;0.868652;0.871073,5.0,21780.8,,2026-07-20 20:58:25
logistic_regression__fe_heavy_imputed__seed42__94852e95,logistic_regression,fe_heavy_imputed,success,0.866742,0.865903;0.867067;0.867463;0.867164;0.866115,5.0,11995.7,,2026-07-20 23:43:02
hist_gb__fe_heavy_nan__seed202__41a03e5b,hist_gb,fe_heavy_nan,success,0.87573,0.874827;0.875681;0.877434;0.874993;0.875714,5.0,12959.2,,2026-07-21 00:05:48
extra_trees__raw_nan__seed42__bb30306d,extra_trees,raw_nan,success,0.642813,0.645249;0.646584;0.641792;0.634097;0.646343,5.0,2433.8,,2026-07-21 03:02:58
lightgbm__fe_heavy_nan__seed42__55cb68dd,lightgbm,fe_heavy_nan,success,0.877504,0.876687;0.878671;0.876506;0.877563;0.878092,5.0,11253.2,,2026-07-21 03:01:26
hist_gb__raw_nan__seed7777__f40b082c,hist_gb,raw_nan,success,0.876086,0.874474;0.877526;0.878565;0.874804;0.875060,5.0,703.3,,2026-07-20 19:59:36
extra_trees__raw_imputed__seed7777__d7a24352,extra_trees,raw_imputed,success,0.748275,0.741339;0.755488;0.741936;0.755853;0.746756,5.0,1003.8,,2026-07-20 20:11:19
gaussian_nb__raw_imputed__seed42__77268a87,gaussian_nb,raw_imputed,success,0.887236,0.887030;0.888645;0.888574;0.886854;0.885075,5.0,2.9,,2026-07-20 20:28:03
hist_gb__fe_heavy_nan__seed7777__b0ba09e0,hist_gb,fe_heavy_nan,success,0.875156,0.875298;0.875413;0.876153;0.873863;0.875053,5.0,3037.4,,2026-07-20 20:28:06
xgboost__raw_nan__seed7777__bae31361,xgboost,raw_nan,success,0.87251,0.870322;0.874289;0.874582;0.871084;0.872270,5.0,361.1,,2026-07-20 21:18:43
random_forest__raw_nan__seed7777__37e72ea5,random_forest,raw_nan,success,0.85535,0.855467;0.856032;0.857575;0.853430;0.854247,5.0,2166.7,,2026-07-20 20:54:42
lightgbm__fe_heavy_nan__seed7777__ddc62f0d,lightgbm,fe_heavy_nan,success,0.876313,0.875301;0.878290;0.876083;0.875785;0.876105,5.0,5960.7,,2026-07-20 19:59:36
lightgbm__raw_nan__seed7777__6dbd38dd,lightgbm,raw_nan,success,0.878811,0.877833;0.880558;0.881434;0.876326;0.877906,5.0,722.6,,2026-07-20 21:30:48
logistic_regression__raw_imputed__seed202__0d5aa198,logistic_regression,raw_imputed,success,0.899295,0.899859;0.900156;0.899209;0.899042;0.898208,5.0,36.8,,2026-07-20 21:42:51
lightgbm__fe_heavy_nan__seed202__288f7c5d,lightgbm,fe_heavy_nan,success,0.877204,0.876034;0.878598;0.877001;0.876501;0.877883,5.0,8892.3,,2026-07-20 19:59:36
catboost__raw_nan__seed202__0469b4ab,catboost,raw_nan,success,0.86747,0.865620;0.870666;0.868126;0.865722;0.867216,5.0,7571.2,,2026-07-20 21:24:44
catboost__fe_heavy_nan__seed7777__879b91a0,catboost,fe_heavy_nan,success,0.87131,0.869727;0.874153;0.875219;0.868842;0.868608,5.0,5633.5,,2026-07-20 22:27:48
lightgbm__fe_heavy_nan__seed42__49bfc302,lightgbm,fe_heavy_nan,success,0.876235,0.875969;0.877343;0.876168;0.875175;0.876520,5.0,8492.7,,2026-07-20 21:43:28
gaussian_nb__fe_heavy_imputed__seed42__58e2cf6d,gaussian_nb,fe_heavy_imputed,success,0.866359,0.866438;0.869472;0.869312;0.863898;0.862673,5.0,23.5,,2026-07-21 00:05:01
xgboost__fe_heavy_nan__seed7777__06d45df6,xgboost,fe_heavy_nan,success,0.868791,0.857745;0.875657;0.871509;0.863872;0.875171,5.0,3269.4,,2026-07-20 23:30:55
mlp__raw_imputed__seed202__f6a158e9,mlp,raw_imputed,success,0.861501,0.856607;0.867117;0.862083;0.857256;0.864440,5.0,208.7,,2026-07-21 00:25:25
extra_trees__raw_imputed__seed202__cf7ec960,extra_trees,raw_imputed,success,0.859114,0.857332;0.861363;0.859626;0.857868;0.859379,5.0,2751.1,,2026-07-21 00:01:42
adaboost__fe_heavy_imputed__seed42__73645261,adaboost,fe_heavy_imputed,success,0.771672,0.774007;0.809275;0.760295;0.760486;0.754295,5.0,11404.2,,2026-07-20 21:38:56
lightgbm__fe_heavy_nan__seed202__283cf149,lightgbm,fe_heavy_nan,success,0.875384,0.874988;0.876552;0.877178;0.873031;0.875169,5.0,2669.9,,2026-07-21 00:05:24
hist_gb__raw_nan__seed42__d3224e6f,hist_gb,raw_nan,success,0.875646,0.873656;0.877746;0.877105;0.873671;0.876052,5.0,361.2,,2026-07-20 19:59:45
lightgbm__raw_nan__seed42__1e33f9a0,lightgbm,raw_nan,success,0.878842,0.877221;0.880216;0.881570;0.876740;0.878462,5.0,1179.1,,2026-07-20 19:59:45
hist_gb__raw_nan__seed42__7a41514d,hist_gb,raw_nan,success,0.876475,0.875795;0.878448;0.877735;0.875240;0.875156,5.0,620.8,,2026-07-20 20:19:24
lightgbm__raw_nan__seed202__7f5ef673,lightgbm,raw_nan,success,0.880672,0.879151;0.882561;0.883185;0.878819;0.879645,5.0,2185.3,,2026-07-20 19:59:45
random_forest__raw_nan__seed202__92494f5e,random_forest,raw_nan,success,0.843148,0.841708;0.846119;0.845495;0.841782;0.840637,5.0,2214.8,,2026-07-20 19:59:45
gaussian_nb__fe_heavy_imputed__seed42__49cf9f33,gaussian_nb,fe_heavy_imputed,success,0.866359,0.866438;0.869474;0.869312;0.863898;0.862673,5.0,57.5,,2026-07-20 20:36:40
xgboost__raw_nan__seed42__74db8ab1,xgboost,raw_nan,success,0.872877,0.871904;0.873811;0.874728;0.871194;0.872749,5.0,536.7,,2026-07-20 20:37:37
extra_trees__raw_nan__seed42__bfed895b,extra_trees,raw_nan,success,0.859997,0.858612;0.862490;0.861366;0.858187;0.859331,5.0,2907.8,,2026-07-20 20:05:46
adaboost__raw_imputed__seed42__13fa15eb,adaboost,raw_imputed,success,0.616793,0.604401;0.624196;0.616154;0.618922;0.620291,5.0,1248.4,,2026-07-20 20:54:14
random_forest__raw_nan__seed7777__118cab96,random_forest,raw_nan,success,0.860318,0.858484;0.862201;0.862210;0.858766;0.859926,5.0,3960.3,,2026-07-20 20:29:45
logistic_regression__fe_heavy_imputed__seed42__4316f03a,logistic_regression,fe_heavy_imputed,success,0.867202,0.865526;0.868494;0.867137;0.867955;0.866896,5.0,6938.2,,2026-07-20 21:15:02
lightgbm__fe_heavy_nan__seed7777__fafd2587,lightgbm,fe_heavy_nan,success,0.877358,0.876650;0.880001;0.876732;0.876706;0.876701,5.0,10189.0,,2026-07-20 20:46:34
lightgbm__fe_heavy_nan__seed202__2840037c,lightgbm,fe_heavy_nan,success,0.876011,0.874845;0.877469;0.876306;0.875779;0.875656,5.0,6132.3,,2026-07-20 23:10:40
extra_trees__raw_nan__seed202__d3275faa,extra_trees,raw_nan,success,0.355496,0.350042;0.366902;0.353419;0.357975;0.349141,5.0,777.4,,2026-07-21 00:52:53
catboost__fe_heavy_nan__seed42__e5bdaa2d,catboost,fe_heavy_nan,success,0.871897,0.868978;0.874926;0.875532;0.868110;0.871939,5.0,13510.3,,2026-07-20 21:35:45
catboost__fe_heavy_nan__seed42__093d0aa1,catboost,fe_heavy_nan,success,0.871196,0.868893;0.873325;0.875527;0.868531;0.869702,5.0,20509.6,,2026-07-20 20:36:10
lightgbm__raw_nan__seed42__3d176096,lightgbm,raw_nan,success,0.879612,0.879005;0.881094;0.881789;0.877754;0.878417,5.0,3569.3,,2026-07-21 01:20:55
mlp__fe_heavy_imputed__seed202__4d502278,mlp,fe_heavy_imputed,success,0.862228,0.862809;0.862436;0.856708;0.865303;0.863887,5.0,5539.1,,2026-07-21 01:05:50
xgboost__fe_heavy_nan__seed7777__2a656f3d,xgboost,fe_heavy_nan,success,0.872238,0.867849;0.877083;0.875611;0.866585;0.874065,5.0,14998.8,,2026-07-20 23:36:23
logistic_regression__raw_imputed__seed42__5cf2cda6,logistic_regression,raw_imputed,success,0.841142,0.836148;0.843393;0.844286;0.841020;0.840864,5.0,69.0,,2026-07-20 19:59:52
knn__raw_imputed__seed202__0d9d494b,knn,raw_imputed,success,0.698407,0.696592;0.695797;0.700284;0.694033;0.705330,5.0,823.0,,2026-07-20 19:59:52
lightgbm__raw_nan__seed7777__571af3e9,lightgbm,raw_nan,success,0.878733,0.877097;0.879991;0.881730;0.876365;0.878482,5.0,923.3,,2026-07-20 19:59:52
lightgbm__raw_nan__seed7777__67997918,lightgbm,raw_nan,success,0.879623,0.878600;0.880988;0.882164;0.877685;0.878679,5.0,1505.3,,2026-07-20 20:01:01
hist_gb__fe_heavy_nan__seed202__1dd54290,hist_gb,fe_heavy_nan,success,0.87183,0.869928;0.873053;0.875997;0.869890;0.870282,5.0,1575.1,,2026-07-20 20:13:35
random_forest__raw_imputed__seed202__a15a6320,random_forest,raw_imputed,success,0.85668,0.854559;0.858865;0.859599;0.854114;0.856263,5.0,2468.1,,2026-07-20 19:59:52
extra_trees__raw_imputed__seed7777__39ec487e,extra_trees,raw_imputed,success,0.858955,0.857279;0.861080;0.859777;0.857177;0.859462,5.0,3904.9,,2026-07-20 20:15:15
xgboost__raw_nan__seed202__bca3cc64,xgboost,raw_nan,success,0.872179,0.871334;0.874026;0.874303;0.869739;0.871492,5.0,772.2,,2026-07-20 21:20:20
random_forest__raw_imputed__seed7777__568ab1de,random_forest,raw_imputed,success,0.845958,0.843239;0.849125;0.848496;0.843184;0.845745,5.0,1751.7,,2026-07-20 21:33:12
lightgbm__raw_nan__seed42__1366e7b4,lightgbm,raw_nan,success,0.879953,0.879084;0.880806;0.882949;0.877757;0.879168,5.0,5316.0,,2026-07-20 20:41:00
adaboost__raw_imputed__seed202__28c61bfb,adaboost,raw_imputed,success,0.587793,0.579268;0.581020;0.582448;0.616291;0.579939,5.0,2483.6,,2026-07-20 22:02:24
hist_gb__fe_heavy_nan__seed42__e435225a,hist_gb,fe_heavy_nan,success,0.875407,0.874659;0.875799;0.877691;0.874394;0.874494,5.0,8263.6,,2026-07-20 20:39:50
lightgbm__raw_nan__seed42__a0a6d1c5,lightgbm,raw_nan,success,0.879232,0.877771;0.880378;0.881551;0.877482;0.878977,5.0,1254.9,,2026-07-20 22:57:34
catboost__raw_nan__seed7777__9024e6ed,catboost,raw_nan,success,0.867039,0.865434;0.870224;0.868740;0.864393;0.866402,5.0,11624.6,,2026-07-20 20:26:06
xgboost__raw_nan__seed7777__cf38ff56,xgboost,raw_nan,success,0.87944,0.877657;0.881307;0.882192;0.877756;0.878286,5.0,3845.5,,2026-07-20 23:18:28
logistic_regression__fe_heavy_imputed__seed202__1cea50ca,logistic_regression,fe_heavy_imputed,success,0.867212,0.865580;0.868358;0.867129;0.868034;0.866959,5.0,8345.7,,2026-07-20 22:09:36
extra_trees__raw_nan__seed202__e364fed8,extra_trees,raw_nan,success,0.859868,0.858649;0.862267;0.860553;0.858652;0.859221,5.0,3247.5,,2026-07-20 23:39:51
lightgbm__fe_heavy_nan__seed42__855db557,lightgbm,fe_heavy_nan,success,0.877437,0.876182;0.880095;0.877411;0.875908;0.877588,5.0,7911.1,,2026-07-21 00:22:34
extra_trees__raw_imputed__seed202__cbc9d30b,extra_trees,raw_imputed,success,0.61465,0.619569;0.622212;0.619870;0.606837;0.604760,5.0,1531.9,,2026-07-20 19:59:57
hist_gb__fe_heavy_nan__seed42__7c52209e,hist_gb,fe_heavy_nan,success,0.870773,0.870289;0.870747;0.872597;0.870932;0.869298,5.0,2133.6,,2026-07-20 19:59:57
lightgbm__raw_nan__seed42__4b61049a,lightgbm,raw_nan,success,0.875216,0.874261;0.876404;0.877529;0.873290;0.874595,5.0,730.6,,2026-07-20 20:35:31
extra_trees__raw_nan__seed7777__9486a758,extra_trees,raw_nan,success,0.635164,0.646477;0.646605;0.628669;0.631174;0.622890,5.0,2342.8,,2026-07-20 20:25:29
xgboost__raw_nan__seed7777__adca50a0,xgboost,raw_nan,success,0.876089,0.874284;0.876788;0.878437;0.875495;0.875440,5.0,1095.3,,2026-07-20 20:47:41
gradient_boosting__raw_imputed__seed202__239f1840,gradient_boosting,raw_imputed,success,0.868873,0.866346;0.871455;0.869064;0.867585;0.869915,5.0,3376.5,,2026-07-20 20:24:01
logistic_regression__raw_imputed__seed42__cff583d2,logistic_regression,raw_imputed,success,0.841195,0.836379;0.843358;0.844156;0.841054;0.841028,5.0,4455.1,,2026-07-20 21:04:31
mlp__fe_heavy_imputed__seed202__5dbe7769,mlp,fe_heavy_imputed,success,0.868317,0.872150;0.876136;0.867750;0.862778;0.862768,5.0,10531.8,,2026-07-20 19:59:57
hist_gb__raw_nan__seed42__6effa7bb,hist_gb,raw_nan,success,0.871062,0.870271;0.873328;0.871546;0.869948;0.870218,5.0,158.4,,2026-07-20 22:55:29
mlp__raw_imputed__seed42__54cf475a,mlp,raw_imputed,success,0.861672,0.864423;0.871451;0.863683;0.851788;0.857014,5.0,348.1,,2026-07-20 22:58:07
logistic_regression__fe_heavy_imputed__seed42__b631d677,logistic_regression,fe_heavy_imputed,success,0.926582,0.927796;0.927108;0.926321;0.925905;0.925777,5.0,10506.7,,2026-07-20 23:03:55
lightgbm__raw_nan__seed7777__748ce478,lightgbm,raw_nan,success,0.87959,0.878723;0.881861;0.881685;0.876916;0.878765,5.0,7901.7,,2026-07-21 01:59:02
lightgbm__fe_heavy_nan__seed202__8ccc9f30,lightgbm,fe_heavy_nan,success,0.877762,0.876736;0.878307;0.878505;0.878226;0.877036,5.0,30854.5,,2026-07-20 21:20:18
xgboost__fe_heavy_nan__seed42__7bf0e194,xgboost,fe_heavy_nan,success,0.872146,0.869529;0.876384;0.873237;0.866683;0.874899,5.0,27434.2,,2026-07-20 22:18:47
xgboost__raw_nan__seed202__3bcb5001,xgboost,raw_nan,success,0.878695,0.877518;0.879839;0.881338;0.877034;0.877745,5.0,2759.1,,2026-07-20 20:00:02
lightgbm__raw_nan__seed7777__c0c5c356,lightgbm,raw_nan,success,0.875382,0.874470;0.876924;0.877683;0.873662;0.874173,5.0,408.3,,2026-07-20 20:46:01
catboost__raw_nan__seed42__b815b286,catboost,raw_nan,success,0.86473,0.863491;0.867061;0.866202;0.864002;0.862895,5.0,4014.3,,2026-07-20 20:00:02
knn__raw_imputed__seed42__49cfce72,knn,raw_imputed,success,0.714247,0.712917;0.710903;0.716402;0.711325;0.719691,5.0,930.7,,2026-07-20 21:06:57
random_forest__raw_nan__seed202__333420e8,random_forest,raw_nan,success,0.86041,0.858348;0.862641;0.862143;0.858773;0.860147,5.0,5028.9,,2026-07-20 20:00:02
extra_trees__raw_imputed__seed42__29d27c25,extra_trees,raw_imputed,success,0.809501,0.806239;0.813369;0.811321;0.809305;0.807273,5.0,3469.9,,2026-07-20 21:22:27
mlp__raw_imputed__seed42__632f84b8,mlp,raw_imputed,success,0.865769,0.857693;0.874445;0.869232;0.867958;0.859516,5.0,8641.2,,2026-07-20 20:52:50
hist_gb__fe_heavy_nan__seed42__84bb7554,hist_gb,fe_heavy_nan,success,0.871798,0.869991;0.873778;0.872900;0.872339;0.869983,5.0,2363.0,,2026-07-20 23:16:51
xgboost__raw_nan__seed42__1453a723,xgboost,raw_nan,success,0.876052,0.874596;0.878124;0.878042;0.874227;0.875271,5.0,971.6,,2026-07-20 23:56:14
xgboost__fe_heavy_nan__seed202__ecfd85ef,xgboost,fe_heavy_nan,success,0.871092,0.868748;0.877495;0.869449;0.866055;0.873713,5.0,15298.0,,2026-07-20 20:00:02
logistic_regression__fe_heavy_imputed__seed202__db4d9279,logistic_regression,fe_heavy_imputed,success,0.866742,0.865903;0.867067;0.867463;0.867164;0.866115,5.0,11359.2,,2026-07-20 22:20:17
random_forest__raw_imputed__seed7777__849828d7,random_forest,raw_imputed,success,0.85635,0.855137;0.858384;0.858326;0.853289;0.856613,5.0,5462.6,,2026-07-21 00:15:00
lightgbm__fe_heavy_nan__seed42__9edd6e2f,lightgbm,fe_heavy_nan,success,0.874742,0.875614;0.877343;0.873879;0.873569;0.873303,5.0,4175.0,,2026-07-21 01:46:03
lightgbm__raw_nan__seed202__7d289c0b,lightgbm,raw_nan,success,0.879958,0.878661;0.881954;0.881600;0.878272;0.879302,5.0,10079.5,,2026-07-21 00:12:26
catboost__fe_heavy_nan__seed202__6f2b753e,catboost,fe_heavy_nan,success,0.872244,0.869414;0.876243;0.876657;0.868794;0.870111,5.0,9904.5,,2026-07-21 01:29:36
logistic_regression__fe_heavy_imputed__seed202__c02c5d02,logistic_regression,fe_heavy_imputed,success,0.866103,0.864628;0.867643;0.866487;0.866034;0.865725,5.0,5012.0,,2026-07-21 03:00:25
xgboost__fe_heavy_nan__seed42__0295d5cc,xgboost,fe_heavy_nan,success,0.868156,0.854949;0.877230;0.872697;0.864456;0.871449,5.0,6060.6,,2026-07-21 02:55:38
catboost__fe_heavy_nan__seed202__aa016beb,catboost,fe_heavy_nan,success,0.871454,0.870266;0.872460;0.874286;0.869103;0.871155,5.0,29894.7,,2026-07-20 21:23:51
qda__raw_imputed__seed42__a3282abb,qda,raw_imputed,success,0.890854,0.891700;0.892123;0.890675;0.889835;0.889937,5.0,20.4,,2026-07-20 20:00:13
xgboost__raw_nan__seed42__812ab84b,xgboost,raw_nan,success,0.876598,0.874661;0.877389;0.879228;0.875578;0.876134,5.0,895.7,,2026-07-20 20:00:13
random_forest__raw_nan__seed7777__c267cc9c,random_forest,raw_nan,success,0.842283,0.840452;0.845372;0.845691;0.840822;0.839075,5.0,2076.3,,2026-07-20 20:15:09
lightgbm__fe_heavy_nan__seed202__31343e05,lightgbm,fe_heavy_nan,success,0.87674,0.875129;0.877833;0.878057;0.876104;0.876578,5.0,12152.2,,2026-07-20 20:00:33
catboost__raw_nan__seed42__e2b0698c,catboost,raw_nan,success,0.867347,0.866057;0.870501;0.869009;0.865712;0.865456,5.0,14168.8,,2026-07-20 20:00:13
xgboost__fe_heavy_nan__seed7777__7dc8753a,xgboost,fe_heavy_nan,success,0.871649,0.868004;0.877000;0.873146;0.866507;0.873587,5.0,15034.0,,2026-07-20 20:00:13
knn__raw_imputed__seed202__06fa7822,knn,raw_imputed,success,0.714965,0.714027;0.711945;0.715055;0.712388;0.721409,5.0,1080.5,,2026-07-21 00:10:47
qda__raw_imputed__seed42__4a5bf217,qda,raw_imputed,success,0.767372,0.765394;0.768140;0.770145;0.765937;0.767245,5.0,28.9,,2026-07-21 00:28:47
extra_trees__raw_imputed__seed202__55b55090,extra_trees,raw_imputed,success,0.745481,0.746775;0.746096;0.749512;0.737449;0.747574,5.0,2678.2,,2026-07-20 23:56:22
mlp__raw_imputed__seed202__1f8e6b59,mlp,raw_imputed,success,0.864488,0.871633;0.865121;0.867428;0.857635;0.860625,5.0,15488.8,,2026-07-20 20:49:45
hist_gb__raw_nan__seed202__59b8695b,hist_gb,raw_nan,success,0.871265,0.870330;0.872759;0.874656;0.867731;0.870851,5.0,157.1,,2026-07-21 01:07:54
xgboost__raw_nan__seed42__ab631f48,xgboost,raw_nan,success,0.879056,0.877930;0.880626;0.881761;0.877055;0.877909,5.0,4854.1,,2026-07-21 00:29:16
random_forest__raw_nan__seed42__dc907c51,random_forest,raw_nan,success,0.855312,0.855236;0.856035;0.858215;0.852895;0.854177,5.0,4500.8,,2026-07-21 01:50:10
lightgbm__fe_heavy_nan__seed7777__650c56c0,lightgbm,fe_heavy_nan,success,0.876421,0.875067;0.877803;0.877145;0.875302;0.876786,5.0,10831.5,,2026-07-21 00:41:00
logistic_regression__fe_heavy_imputed__seed42__000698e3,logistic_regression,fe_heavy_imputed,success,0.926587,0.927740;0.927105;0.926297;0.925947;0.925845,5.0,10577.1,,2026-07-21 01:10:31
xgboost__raw_nan__seed7777__0a04d499,xgboost,raw_nan,success,0.878609,0.877025;0.878987;0.881123;0.877161;0.878748,5.0,1680.3,,2026-07-21 04:06:48
qda__fe_heavy_imputed__seed42__bbbeaba3,qda,fe_heavy_imputed,success,0.904631,0.905224;0.905232;0.904700;0.904944;0.903056,5.0,1138.5,,2026-07-20 20:00:21
lightgbm__raw_nan__seed42__7c234d75,lightgbm,raw_nan,success,0.880115,0.879025;0.881542;0.882522;0.878570;0.878918,5.0,3053.2,,2026-07-20 20:00:21
random_forest__raw_imputed__seed202__5dadedb3,random_forest,raw_imputed,success,0.856244,0.855032;0.858538;0.857711;0.853569;0.856370,5.0,3216.7,,2026-07-20 20:51:14
mlp__fe_heavy_imputed__seed202__f49f84ae,mlp,fe_heavy_imputed,success,0.866409,0.877930;0.871298;0.861640;0.856771;0.864403,5.0,6433.4,,2026-07-20 21:44:51
xgboost__fe_heavy_nan__seed42__380ec7c3,xgboost,fe_heavy_nan,success,0.87156,0.866473;0.876500;0.874043;0.865753;0.875033,5.0,14365.7,,2026-07-20 20:19:20
extra_trees__raw_imputed__seed42__938e8c76,extra_trees,raw_imputed,success,0.859216,0.857118;0.861174;0.859972;0.858096;0.859722,5.0,5392.8,,2026-07-21 00:18:45
xgboost__fe_heavy_nan__seed7777__e03a646c,xgboost,fe_heavy_nan,success,0.867471,0.854677;0.876844;0.871437;0.863141;0.871255,5.0,6564.7,,2026-07-21 01:48:38
xgboost__fe_heavy_nan__seed202__b781bc2e,xgboost,fe_heavy_nan,success,0.873132,0.869509;0.876931;0.875544;0.867632;0.876043,5.0,35858.8,,2026-07-20 20:00:21
lightgbm__fe_heavy_nan__seed42__df0452dc,lightgbm,fe_heavy_nan,success,0.876163,0.876056;0.877229;0.875590;0.875324;0.876619,5.0,8875.4,,2026-07-21 03:38:03
logistic_regression__raw_imputed__seed42__39a9c661,logistic_regression,raw_imputed,success,0.833572,0.829607;0.835251;0.836053;0.833663;0.833285,5.0,109.0,,2026-07-21 06:05:58
hist_gb__fe_heavy_nan__seed42__46120505,hist_gb,fe_heavy_nan,success,0.874801,0.873681;0.875892;0.876438;0.873187;0.874807,5.0,3983.3,,2026-07-21 05:58:00
gaussian_nb__raw_imputed__seed42__93d0e05d,gaussian_nb,raw_imputed,success,0.88724,0.887047;0.888656;0.888560;0.886854;0.885081,5.0,4.6,,2026-07-21 07:04:23
random_forest__raw_imputed__seed202__b75252b3,random_forest,raw_imputed,success,0.854556,0.852805;0.856596;0.855980;0.853086;0.854314,5.0,3800.8,,2026-07-21 06:07:47
knn__raw_imputed__seed42__41200f16,knn,raw_imputed,success,0.626709,0.631270;0.619506;0.631434;0.617825;0.633512,5.0,799.7,,2026-07-21 07:04:28
qda__fe_heavy_imputed__seed42__8c327a34,qda,fe_heavy_imputed,success,0.47684,0.484953;0.509103;0.479430;0.379448;0.531269,5.0,1203.1,,2026-07-20 20:00:24
catboost__raw_nan__seed202__e890a4e0,catboost,raw_nan,success,0.864265,0.862179;0.867871;0.864580;0.863166;0.863527,5.0,4677.6,,2026-07-20 20:00:24
lightgbm__raw_nan__seed7777__e4857514,lightgbm,raw_nan,success,0.879802,0.879333;0.881173;0.882814;0.876702;0.878989,5.0,5032.1,,2026-07-20 20:00:24
random_forest__raw_nan__seed42__fb85e9f8,random_forest,raw_nan,success,0.856892,0.855140;0.859018;0.859150;0.854941;0.856209,5.0,4581.3,,2026-07-20 20:20:27
xgboost__raw_nan__seed202__cf5251c6,xgboost,raw_nan,success,0.876791,0.875587;0.878304;0.879323;0.874696;0.876045,5.0,1443.4,,2026-07-20 21:18:22
extra_trees__raw_nan__seed7777__4db9b28b,extra_trees,raw_nan,success,0.848077,0.845489;0.850981;0.849355;0.846463;0.848096,5.0,4195.6,,2026-07-20 21:42:25
mlp__fe_heavy_imputed__seed42__9120943b,mlp,fe_heavy_imputed,success,0.865076,0.868224;0.866475;0.860746;0.859676;0.870262,5.0,10113.6,,2026-07-20 21:24:16
lightgbm__raw_nan__seed42__c9dc779b,lightgbm,raw_nan,success,0.877644,0.876173;0.879273;0.880120;0.875005;0.877647,5.0,900.4,,2026-07-21 00:12:50
catboost__raw_nan__seed202__40aac5da,catboost,raw_nan,success,0.865526,0.863216;0.868728;0.866608;0.864180;0.864899,5.0,11540.1,,2026-07-20 21:36:49
xgboost__fe_heavy_nan__seed202__0ee59214,xgboost,fe_heavy_nan,success,0.867882,0.853438;0.876857;0.872963;0.864812;0.871341,5.0,7378.4,,2026-07-20 22:52:21
logistic_regression__raw_imputed__seed202__a23384e5,logistic_regression,raw_imputed,success,0.841203,0.836379;0.843355;0.844198;0.841054;0.841028,5.0,2975.1,,2026-07-21 00:27:50
gaussian_nb__raw_imputed__seed42__8f01f607,gaussian_nb,raw_imputed,success,0.887236,0.887030;0.888645;0.888574;0.886854;0.885075,5.0,6.0,,2026-07-21 01:17:25
hist_gb__fe_heavy_nan__seed7777__6a7b397f,hist_gb,fe_heavy_nan,success,0.871049,0.869050;0.873175;0.873505;0.868490;0.871028,5.0,1772.0,,2026-07-21 00:55:19
random_forest__raw_nan__seed202__167b6beb,random_forest,raw_nan,success,0.855383,0.855702;0.856134;0.856880;0.854122;0.854078,5.0,2461.6,,2026-07-21 00:49:09
knn__raw_imputed__seed202__8b4b1310,knn,raw_imputed,success,0.652037,0.649557;0.649839;0.652861;0.648180;0.659747,5.0,917.8,,2026-07-21 01:17:31
xgboost__fe_heavy_nan__seed7777__da42c4ad,xgboost,fe_heavy_nan,success,0.872549,0.867848;0.876270;0.875909;0.867513;0.875205,5.0,27370.0,,2026-07-20 20:00:24
lightgbm__fe_heavy_nan__seed202__ff056e00,lightgbm,fe_heavy_nan,success,0.87741,0.875420;0.879122;0.877058;0.878137;0.877311,5.0,10069.9,,2026-07-21 01:30:10
xgboost__fe_heavy_nan__seed42__bf13b1e5,xgboost,fe_heavy_nan,success,0.871794,0.868774;0.877031;0.873608;0.866482;0.873074,5.0,13586.3,,2026-07-21 01:32:49
catboost__raw_nan__seed42__e83ba6ca,catboost,raw_nan,success,0.868463,0.866385;0.870976;0.870528;0.866561;0.867866,5.0,16112.9,,2026-07-21 01:24:51
gaussian_nb__fe_heavy_imputed__seed42__a9bacd33,gaussian_nb,fe_heavy_imputed,success,0.866359,0.866438;0.869474;0.869312;0.863898;0.862673,5.0,60.9,,2026-07-20 20:00:31
lightgbm__raw_nan__seed7777__734b49d9,lightgbm,raw_nan,success,0.879902,0.878894;0.881854;0.882298;0.877556;0.878909,5.0,2279.0,,2026-07-20 20:00:31
random_forest__raw_imputed__seed7777__40d047aa,random_forest,raw_imputed,success,0.85442,0.852474;0.856721;0.856198;0.852137;0.854569,5.0,2293.1,,2026-07-20 20:38:30
xgboost__fe_heavy_nan__seed202__707e1627,xgboost,fe_heavy_nan,success,0.867996,0.855906;0.876277;0.869258;0.864942;0.873599,5.0,5540.1,,2026-07-20 20:00:31
catboost__raw_nan__seed42__f31ebdd5,catboost,raw_nan,success,0.867858,0.866499;0.870429;0.869661;0.865765;0.866936,5.0,14363.3,,2026-07-20 20:00:31
lightgbm__raw_nan__seed42__a0b2e118,lightgbm,raw_nan,success,0.880216,0.879286;0.881751;0.883224;0.877446;0.879374,5.0,2951.1,,2026-07-20 23:59:54
xgboost__fe_heavy_nan__seed202__b9ed8b34,xgboost,fe_heavy_nan,success,0.872298,0.867610;0.877110;0.874189;0.866409;0.876174,5.0,19514.1,,2026-07-20 21:32:51
extra_trees__raw_nan__seed42__43ab2105,extra_trees,raw_nan,success,0.847465,0.845328;0.849452;0.849444;0.845612;0.847488,5.0,4551.4,,2026-07-21 02:58:05
mlp__fe_heavy_imputed__seed202__21916c90,mlp,fe_heavy_imputed,success,0.867977,0.864165;0.867204;0.873962;0.870299;0.864255,5.0,20926.9,,2026-07-21 00:49:05
xgboost__fe_heavy_nan__seed42__6d3f3d8e,xgboost,fe_heavy_nan,success,0.872811,0.870876;0.876277;0.873961;0.868042;0.874900,5.0,41534.2,,2026-07-20 20:01:32
logistic_regression__fe_heavy_imputed__seed202__99e5e183,logistic_regression,fe_heavy_imputed,success,0.867124,0.865640;0.868130;0.867482;0.867320;0.867050,5.0,12800.3,,2026-07-21 04:13:56
logistic_regression__raw_imputed__seed202__50f5d4fe,logistic_regression,raw_imputed,success,0.841051,0.836149;0.842975;0.844303;0.841050;0.840781,5.0,76.8,,2026-07-20 20:00:36
logistic_regression__raw_imputed__seed42__6e763036,logistic_regression,raw_imputed,success,0.840193,0.835845;0.841935;0.843288;0.839945;0.839950,5.0,79.3,,2026-07-20 20:00:36
lightgbm__raw_nan__seed202__fbb5a38d,lightgbm,raw_nan,success,0.880835,0.879971;0.883031;0.882479;0.879260;0.879436,5.0,2468.9,,2026-07-20 20:01:52
xgboost__fe_heavy_nan__seed7777__058ad51a,xgboost,fe_heavy_nan,success,0.865965,0.849851;0.872030;0.875457;0.862438;0.870047,5.0,3695.2,,2026-07-20 20:00:36
xgboost__raw_nan__seed202__d91bd194,xgboost,raw_nan,success,0.878871,0.877423;0.881252;0.881655;0.876360;0.877665,5.0,3635.0,,2026-07-20 20:01:55
xgboost__raw_nan__seed202__c3f8a6bf,xgboost,raw_nan,success,0.865805,0.864823;0.867465;0.867481;0.863537;0.865720,5.0,364.5,,2026-07-20 21:02:30
lightgbm__raw_nan__seed202__a6b7dc1f,lightgbm,raw_nan,success,0.878469,0.876936;0.878878;0.880841;0.876320;0.879372,5.0,781.2,,2026-07-20 21:08:34
extra_trees__raw_imputed__seed7777__5f1b2462,extra_trees,raw_imputed,success,0.612413,0.625651;0.607721;0.606060;0.611871;0.610762,5.0,774.2,,2026-07-20 21:21:36
mlp__raw_imputed__seed202__8fe08f97,mlp,raw_imputed,success,0.86625,0.866687;0.862024;0.876717;0.859185;0.866635,5.0,397.0,,2026-07-20 21:34:30
hist_gb__raw_nan__seed202__7e409316,hist_gb,raw_nan,success,0.876411,0.876081;0.877557;0.877971;0.874204;0.876242,5.0,981.8,,2026-07-20 21:41:07
random_forest__raw_nan__seed42__89715829,random_forest,raw_nan,success,0.860584,0.858934;0.863173;0.862328;0.858745;0.859740,5.0,4567.0,,2026-07-20 20:43:01
random_forest__raw_nan__seed42__2b548d68,random_forest,raw_nan,success,0.844066,0.843438;0.845040;0.847002;0.842339;0.842510,5.0,1885.9,,2026-07-20 21:57:29
lightgbm__raw_nan__seed202__08f1c44b,lightgbm,raw_nan,success,0.875643,0.874913;0.876533;0.877488;0.873826;0.875453,5.0,418.2,,2026-07-20 22:28:55
catboost__raw_nan__seed202__e17921ea,catboost,raw_nan,success,0.866717,0.865062;0.869302;0.867608;0.865389;0.866226,5.0,9499.3,,2026-07-20 20:00:36
logistic_regression__fe_heavy_imputed__seed202__5cb27e0c,logistic_regression,fe_heavy_imputed,success,0.867212,0.865583;0.868317;0.867131;0.868066;0.866962,5.0,7406.4,,2026-07-20 21:59:08
catboost__raw_nan__seed7777__7c61fd33,catboost,raw_nan,success,0.867447,0.865596;0.870476;0.869170;0.865720;0.866273,5.0,12360.0,,2026-07-20 21:02:11
xgboost__fe_heavy_nan__seed7777__cabaa0da,xgboost,fe_heavy_nan,success,0.872444,0.868478;0.876703;0.875366;0.867582;0.874092,5.0,22024.8,,2026-07-20 22:38:55
logistic_regression__raw_imputed__seed42__7416ff12,logistic_regression,raw_imputed,success,0.899295,0.899859;0.900156;0.899209;0.899042;0.898208,5.0,116.3,,2026-07-20 20:00:42
logistic_regression__fe_heavy_imputed__seed202__9a6483bf,logistic_regression,fe_heavy_imputed,success,0.926582,0.927796;0.927108;0.926321;0.925905;0.925777,5.0,10137.2,,2026-07-20 20:00:42
xgboost__fe_heavy_nan__seed42__421d4953,xgboost,fe_heavy_nan,success,0.870573,0.862635;0.878753;0.871367;0.865069;0.875040,5.0,12008.2,,2026-07-20 20:00:42
lightgbm__fe_heavy_nan__seed42__dff22166,lightgbm,fe_heavy_nan,success,0.876512,0.875077;0.878089;0.877113;0.875556;0.876726,5.0,13748.5,,2026-07-20 20:02:38
random_forest__raw_nan__seed7777__42237768,random_forest,raw_nan,success,0.861301,0.859571;0.863350;0.862824;0.860015;0.860744,5.0,7995.2,,2026-07-20 23:20:50
xgboost__raw_nan__seed7777__ea1d168b,xgboost,raw_nan,success,0.878103,0.876886;0.879522;0.880472;0.876142;0.877490,5.0,1946.9,,2026-07-21 01:34:06
xgboost__fe_heavy_nan__seed7777__acb9d3d2,xgboost,fe_heavy_nan,success,0.871932,0.868546;0.877055;0.873127;0.866943;0.873988,5.0,14511.6,,2026-07-20 22:49:39
extra_trees__raw_imputed__seed42__f2f02f3a,extra_trees,raw_imputed,success,0.735675,0.735024;0.733792;0.738375;0.731623;0.739560,5.0,1449.5,,2026-07-21 02:51:31
catboost__raw_nan__seed7777__015225fd,catboost,raw_nan,success,0.868107,0.866670;0.869882;0.869508;0.867000;0.867472,5.0,22779.9,,2026-07-20 23:51:47
lightgbm__fe_heavy_nan__seed202__55d53c61,lightgbm,fe_heavy_nan,success,0.877648,0.877460;0.879336;0.877745;0.877196;0.876501,5.0,16483.0,,2026-07-21 02:06:32
mlp__raw_imputed__seed42__83bc2512,mlp,raw_imputed,success,0.859334,0.858452;0.867908;0.864537;0.855923;0.849846,5.0,14538.3,,2026-07-21 03:15:40
tabnet__raw_imputed__seed42__7ec0e732,tabnet,raw_imputed,failed,,,5.0,10.3,"AcceleratorError: CUDA error: no kernel image is available for execution on the device
Search for `cudaErrorNoKernelImageForDevice' in https://docs.nvidia.com/cuda/cuda-runtime-api/group__CUDART__TYPES.html for more information.
CUDA kernel errors might be asynchronously reported at some other API call, so the stacktrace below might be incorrect.
For debugging consider passing CUDA_LAUNCH_BLOCKING=1
Compile with `TORCH_USE_CUDA_DSA` to enable device-side assertions.
",2026-07-20 20:07:15
tabnet__raw_imputed__seed202__97918af3,tabnet,raw_imputed,failed,,,5.0,0.3,"AcceleratorError: CUDA error: no kernel image is available for execution on the device
Search for `cudaErrorNoKernelImageForDevice' in https://docs.nvidia.com/cuda/cuda-runtime-api/group__CUDART__TYPES.html for more information.
CUDA kernel errors might be asynchronously reported at some other API call, so the stacktrace below might be incorrect.
For debugging consider passing CUDA_LAUNCH_BLOCKING=1
Compile with `TORCH_USE_CUDA_DSA` to enable device-side assertions.
",2026-07-20 20:07:25
tabnet__raw_imputed__seed202__1d6b0e8d,tabnet,raw_imputed,failed,,,5.0,14.2,"AcceleratorError: CUDA error: no kernel image is available for execution on the device
Search for `cudaErrorNoKernelImageForDevice' in https://docs.nvidia.com/cuda/cuda-runtime-api/group__CUDART__TYPES.html for more information.
CUDA kernel errors might be asynchronously reported at some other API call, so the stacktrace below might be incorrect.
For debugging consider passing CUDA_LAUNCH_BLOCKING=1
Compile with `TORCH_USE_CUDA_DSA` to enable device-side assertions.
",2026-07-20 20:07:26
tabnet__raw_imputed__seed202__0c8342bc,tabnet,raw_imputed,failed,,,5.0,0.3,"AcceleratorError: CUDA error: no kernel image is available for execution on the device
Search for `cudaErrorNoKernelImageForDevice' in https://docs.nvidia.com/cuda/cuda-runtime-api/group__CUDART__TYPES.html for more information.
CUDA kernel errors might be asynchronously reported at some other API call, so the stacktrace below might be incorrect.
For debugging consider passing CUDA_LAUNCH_BLOCKING=1
Compile with `TORCH_USE_CUDA_DSA` to enable device-side assertions.
",2026-07-20 20:07:40
lightgbm__fe_heavy_nan__seed42__de0f95f7,lightgbm,fe_heavy_nan,success,0.876794,0.874812;0.878297;0.875123;0.878972;0.876766,5.0,8011.3,,2026-07-21 12:57:47
logistic_regression__fe_heavy_imputed__seed42__7d2c09a8,logistic_regression,fe_heavy_imputed,success,0.867124,0.865640;0.868130;0.867482;0.867320;0.867050,5.0,10379.0,,2026-07-21 12:57:47
hist_gb__fe_heavy_nan__seed7777__34dfe091,hist_gb,fe_heavy_nan,success,0.875123,0.875799;0.874058;0.876177;0.874071;0.875511,5.0,13297.4,,2026-07-21 12:57:47
catboost__raw_nan__seed42__bb3b28c8,catboost,raw_nan,success,0.866587,0.864709;0.869291;0.867722;0.864769;0.866442,5.0,5288.7,,2026-07-21 15:11:19
gradient_boosting__fe_heavy_imputed__seed42__60e1d9b2,gradient_boosting,fe_heavy_imputed,success,0.875695,0.876155;0.874997;0.878269;0.872495;0.876558,5.0,36049.0,,2026-07-21 12:57:47
logistic_regression__raw_imputed__seed202__f3174427,logistic_regression,raw_imputed,success,0.899352,0.899947;0.900190;0.899293;0.899109;0.898222,5.0,59.6,,2026-07-21 12:57:57
hist_gb__raw_nan__seed7777__eaf1ec19,hist_gb,raw_nan,success,0.872343,0.870218;0.875317;0.873380;0.871255;0.871546,5.0,184.3,,2026-07-21 12:57:57
lightgbm__raw_nan__seed202__3be92f24,lightgbm,raw_nan,success,0.879633,0.878699;0.880981;0.882791;0.876653;0.879042,5.0,1820.8,,2026-07-21 12:57:57
gradient_boosting__raw_imputed__seed202__f671df5b,gradient_boosting,raw_imputed,success,0.870037,0.867002;0.873229;0.870506;0.867797;0.871652,5.0,2582.9,,2026-07-21 12:57:57
catboost__fe_heavy_nan__seed7777__52caf811,catboost,fe_heavy_nan,success,0.871198,0.869754;0.872842;0.874215;0.870329;0.868853,5.0,15232.5,,2026-07-21 12:58:56
gradient_boosting__raw_imputed__seed42__d9384c52,gradient_boosting,raw_imputed,success,0.863612,0.863241;0.865362;0.865015;0.860145;0.864300,5.0,2488.7,,2026-07-21 12:58:06
logistic_regression__fe_heavy_imputed__seed202__0d6b5358,logistic_regression,fe_heavy_imputed,success,0.866787,0.865573;0.867838;0.867466;0.867269;0.865786,5.0,10918.6,,2026-07-21 12:58:06
hist_gb__fe_heavy_nan__seed42__90d0568b,hist_gb,fe_heavy_nan,success,0.874378,0.872984;0.874779;0.876546;0.872896;0.874686,5.0,14188.3,,2026-07-21 12:58:06
lightgbm__fe_heavy_nan__seed7777__3099e0bd,lightgbm,fe_heavy_nan,success,0.877484,0.876395;0.878317;0.878535;0.876660;0.877511,5.0,24436.9,,2026-07-21 12:58:06
catboost__raw_nan__seed7777__c5984957,catboost,raw_nan,success,0.868305,0.867013;0.870374;0.869458;0.866266;0.868413,5.0,40145.1,,2026-07-21 13:39:34
xgboost__raw_nan__seed7777__ffc9af86,xgboost,raw_nan,success,0.876725,0.875640;0.878316;0.878617;0.875331;0.875722,5.0,1496.0,,2026-07-21 12:58:11
extra_trees__raw_nan__seed42__ba2827ed,extra_trees,raw_nan,success,0.351413,0.347223;0.358021;0.353732;0.348660;0.349431,5.0,1417.0,,2026-07-21 13:23:07
logistic_regression__fe_heavy_imputed__seed202__c702f5bb,logistic_regression,fe_heavy_imputed,success,0.926587,0.927740;0.927105;0.926297;0.925947;0.925845,5.0,16700.1,,2026-07-21 12:58:11
mlp__fe_heavy_imputed__seed42__4b41f38a,mlp,fe_heavy_imputed,success,0.865789,0.860195;0.873507;0.863692;0.863435;0.868117,5.0,22891.2,,2026-07-21 13:46:44
catboost__raw_nan__seed42__f42dda00,catboost,raw_nan,success,0.868014,0.866004;0.870285;0.869189;0.866826;0.867767,5.0,38592.7,,2026-07-21 12:58:11
xgboost__raw_nan__seed7777__b7c91919,xgboost,raw_nan,success,0.879286,0.877774;0.880920;0.881964;0.877375;0.878395,5.0,4617.8,,2026-07-21 12:58:19
logistic_regression__fe_heavy_imputed__seed42__f1e07b55,logistic_regression,fe_heavy_imputed,success,0.866103,0.864628;0.867643;0.866487;0.866034;0.865725,5.0,5315.2,,2026-07-21 12:58:19
extra_trees__raw_nan__seed7777__de61097b,extra_trees,raw_nan,success,0.349609,0.345665;0.347793;0.358258;0.349515;0.346816,5.0,1283.5,,2026-07-21 14:15:16
mlp__fe_heavy_imputed__seed42__dcc7edad,mlp,fe_heavy_imputed,success,0.864826,0.860323;0.872006;0.868289;0.856283;0.867227,5.0,3331.7,,2026-07-21 14:26:54
catboost__raw_nan__seed42__c400a290,catboost,raw_nan,success,0.868525,0.866875;0.870230;0.869449;0.867007;0.869063,5.0,38436.7,,2026-07-21 12:58:19
random_forest__raw_imputed__seed7777__85684951,random_forest,raw_imputed,success,0.855958,0.855547;0.859416;0.858816;0.852778;0.853231,5.0,2113.7,,2026-07-21 12:58:27
xgboost__raw_nan__seed42__726a8c79,xgboost,raw_nan,success,0.877892,0.876927;0.878704;0.879918;0.875713;0.878200,5.0,2015.1,,2026-07-21 13:33:41
lightgbm__raw_nan__seed42__eaf1852d,lightgbm,raw_nan,success,0.879796,0.878642;0.881860;0.881871;0.877348;0.879258,5.0,7763.2,,2026-07-21 12:58:27
catboost__raw_nan__seed202__5adda1fc,catboost,raw_nan,success,0.86791,0.866176;0.870609;0.868885;0.866314;0.867566,5.0,15699.8,,2026-07-21 12:58:27
catboost__fe_heavy_nan__seed202__54d92308,catboost,fe_heavy_nan,success,0.870686,0.868292;0.872820;0.873420;0.869496;0.869403,5.0,15108.7,,2026-07-21 14:07:16
adaboost__fe_heavy_imputed__seed202__29def500,adaboost,fe_heavy_imputed,success,0.771023,0.772041;0.779835;0.775474;0.747405;0.780359,5.0,23794.8,,2026-07-21 12:58:27
lightgbm__fe_heavy_nan__seed7777__4b41d472,lightgbm,fe_heavy_nan,success,0.876772,0.876184;0.878718;0.876409;0.875816;0.876733,5.0,6174.7,,2026-07-21 12:58:32
catboost__raw_nan__seed7777__de93f68c,catboost,raw_nan,success,0.866199,0.864953;0.869127;0.868213;0.862047;0.866653,5.0,6637.3,,2026-07-21 12:58:32
xgboost__raw_nan__seed202__49e7016c,xgboost,raw_nan,success,0.877822,0.876394;0.878993;0.880323;0.876199;0.877201,5.0,2072.4,,2026-07-21 14:49:09
random_forest__raw_nan__seed202__56ecd5f0,random_forest,raw_nan,success,0.856883,0.855154;0.858972;0.858976;0.855020;0.856294,5.0,4498.3,,2026-07-21 14:41:27
adaboost__fe_heavy_imputed__seed42__6493bb8c,adaboost,fe_heavy_imputed,success,0.712922,0.706768;0.700476;0.702651;0.724528;0.730191,5.0,34675.8,,2026-07-21 12:58:32
random_forest__raw_nan__seed7777__5ade9ecf,random_forest,raw_nan,success,0.856857,0.855661;0.859288;0.858373;0.854826;0.856138,5.0,4305.4,,2026-07-21 12:58:40
lightgbm__fe_heavy_nan__seed7777__9d0bdda9,lightgbm,fe_heavy_nan,success,0.877765,0.876488;0.878531;0.878271;0.877545;0.877988,5.0,18643.1,,2026-07-21 12:58:40
xgboost__fe_heavy_nan__seed42__71e139ef,xgboost,fe_heavy_nan,success,0.872224,0.867552;0.877726;0.874740;0.865713;0.875388,5.0,13921.1,,2026-07-21 18:09:23
random_forest__raw_imputed__seed202__f86e3265,random_forest,raw_imputed,success,0.859354,0.858082;0.861848;0.860855;0.856939;0.859048,5.0,4330.0,,2026-07-21 12:58:49
lightgbm__fe_heavy_nan__seed7777__f10db274,lightgbm,fe_heavy_nan,success,0.877101,0.876625;0.879538;0.876759;0.875101;0.877481,5.0,12869.6,,2026-07-21 12:58:49
adaboost__fe_heavy_imputed__seed202__000190d2,adaboost,fe_heavy_imputed,success,0.771672,0.774007;0.809275;0.760295;0.760486;0.754295,5.0,15376.8,,2026-07-21 12:58:49
catboost__fe_heavy_nan__seed7777__abc73810,catboost,fe_heavy_nan,success,0.872192,0.871502;0.873025;0.877210;0.867298;0.871927,5.0,14299.3,,2026-07-21 14:10:59
xgboost__fe_heavy_nan__seed7777__8b9e17bb,xgboost,fe_heavy_nan,success,0.869361,0.860053;0.878019;0.870854;0.864182;0.873696,5.0,6552.3,,2026-07-21 16:33:18
catboost__raw_nan__seed7777__99e5fb2a,catboost,raw_nan,success,0.868063,0.866395;0.870514;0.869810;0.866339;0.867259,5.0,26887.9,,2026-07-21 12:58:49
masamlp_ft_transformer__raw_nan__seed42__a57189b3,masamlp_ft_transformer,raw_nan,failed,,,5.0,14.8,"AcceleratorError: CUDA error: no kernel image is available for execution on the device
Search for `cudaErrorNoKernelImageForDevice' in https://docs.nvidia.com/cuda/cuda-runtime-api/group__CUDART__TYPES.html for more information.
CUDA kernel errors might be asynchronously reported at some other API call, so the stacktrace below might be incorrect.
For debugging consider passing CUDA_LAUNCH_BLOCKING=1
Compile with `TORCH_USE_CUDA_DSA` to enable device-side assertions.
",2026-07-21 12:59:03
tabnet__raw_imputed__seed42__d8e8cafb,tabnet,raw_imputed,failed,,,5.0,1.2,"AcceleratorError: CUDA error: no kernel image is available for execution on the device
Search for `cudaErrorNoKernelImageForDevice' in https://docs.nvidia.com/cuda/cuda-runtime-api/group__CUDART__TYPES.html for more information.
CUDA kernel errors might be asynchronously reported at some other API call, so the stacktrace below might be incorrect.
For debugging consider passing CUDA_LAUNCH_BLOCKING=1
Compile with `TORCH_USE_CUDA_DSA` to enable device-side assertions.
",2026-07-21 12:59:18
masamlp_realmlp__raw_nan__seed202__dd30bbd8,masamlp_realmlp,raw_nan,failed,,,5.0,19.2,"AcceleratorError: CUDA error: no kernel image is available for execution on the device
Search for `cudaErrorNoKernelImageForDevice' in https://docs.nvidia.com/cuda/cuda-runtime-api/group__CUDART__TYPES.html for more information.
CUDA kernel errors might be asynchronously reported at some other API call, so the stacktrace below might be incorrect.
For debugging consider passing CUDA_LAUNCH_BLOCKING=1
Compile with `TORCH_USE_CUDA_DSA` to enable device-side assertions.
",2026-07-21 12:59:09
masamlp_gandalf__raw_nan__seed202__04e376fa,masamlp_gandalf,raw_nan,failed,,,5.0,6.2,"AcceleratorError: CUDA error: no kernel image is available for execution on the device
Search for `cudaErrorNoKernelImageForDevice' in https://docs.nvidia.com/cuda/cuda-runtime-api/group__CUDART__TYPES.html for more information.
CUDA kernel errors might be asynchronously reported at some other API call, so the stacktrace below might be incorrect.
For debugging consider passing CUDA_LAUNCH_BLOCKING=1
Compile with `TORCH_USE_CUDA_DSA` to enable device-side assertions.
",2026-07-21 12:59:28
masamlp_tabr__raw_nan__seed202__8ff7c3aa,masamlp_tabr,raw_nan,failed,,,5.0,0.6,ModuleNotFoundError: No module named 'masamlp',2026-07-21 13:02:27
masamlp_tab_transformer__raw_nan__seed202__7c150cb0,masamlp_tab_transformer,raw_nan,failed,,,5.0,0.0,ModuleNotFoundError: No module named 'masamlp',2026-07-21 13:02:28
external_realmlp_cpu_kernel_v1_seed42_7fold,external_realmlp,kernel_fe_te,success,0.950625,0.950961;0.952833;0.951918;0.949074;0.951420;0.950153;0.948018,7.0,,,2026-07-27 01:18:14
kaggle_hgbc_te_seed63_5fold,kaggle_hgbc_te,raw_exact_value_te,success,0.950237,0.950963;0.951161;0.950257;0.949037;0.949770,5.0,,,2026-07-27 13:26:15
kaggle_hgbc_te_seed2027_5fold,kaggle_hgbc_te,raw_exact_value_te,success,0.950233,0.949407;0.949290;0.950189;0.951499;0.950778,5.0,,,2026-07-27 13:26:15
kaggle_hgbc_te_seed7777_5fold,kaggle_hgbc_te,raw_exact_value_te,success,0.950121,0.950045;0.948661;0.951674;0.950276;0.949952,5.0,,,2026-07-27 13:26:15
kaggle_hgbc_te_seedbag_b_15model,kaggle_hgbc_te,raw_exact_value_te,success,0.950407,0.950237;0.950233;0.950121,15.0,,,2026-07-27 13:26:15
kaggle_realmlp_seed2027_gpu_7fold_3epoch,kaggle_realmlp,kernel_fe_te,success,0.950646,0.948982;0.950228;0.949728;0.951967;0.951028;0.950762;0.951826,7.0,,,2026-07-27 13:48:16
